-22,-23,XnYavVrw0ZmEXpZ/QyKZfdHRTsk=,fdpc3g6+x5Z518z7MOsXSLLq2Qc=
-21,-23,XnYavVrw0ZmEXpZ/QyKZfdHRTsk=,fdpc3g6+x5Z518z7MOsXSLLq2Qc=
-20,-23,XnYavVrw0ZmEXpZ/QyKZfdHRTsk=,fdpc3g6+x5Z518z7MOsXSLLq2Qc=
-22,-21,XnYavVrw0ZmEXpZ/QyKZfdHRTsk=,fdpc3g6+x5Z518z7MOsXSLLq2Qc=
-19,-23,XnYavVrw0ZmEXpZ/QyKZfdHRTsk=,fdpc3g6+x5Z518z7MOsXSLLq2Qc=
-18,-23,XnYavVrw0ZmEXpZ/QyKZfdHRTsk=,fdpc3g6+x5Z518z7MOsXSLLq2Qc=
-22,-22,XnYavVrw0ZmEXpZ/QyKZfdHRTsk=,fdpc3g6+x5Z518z7MOsXSLLq2Qc=
-19,-18,XnYavVrw0ZmEXpZ/QyKZfdHRTsk=,fdpc3g6+x5Z518z7MOsXSLLq2Qc=
-18,-19,XnYavVrw0ZmEXpZ/QyKZfdHRTsk=,fdpc3g6+x5Z518z7MOsXSLLq2Qc=
-21,-22,XnYavVrw0ZmEXpZ/QyKZfdHRTsk=,fdpc3g6+x5Z518z7MOsXSLLq2Qc=
-18,-22,XnYavVrw0ZmEXpZ/QyKZfdHRTsk=,fdpc3g6+x5Z518z7MOsXSLLq2Qc=
-20,-18,XnYavVrw0ZmEXpZ/QyKZfdHRTsk=,fdpc3g6+x5Z518z7MOsXSLLq2Qc=
-20,-22,XnYavVrw0ZmEXpZ/QyKZfdHRTsk=,fdpc3g6+x5Z518z7MOsXSLLq2Qc=
-21,-21,XnYavVrw0ZmEXpZ/QyKZfdHRTsk=,fdpc3g6+x5Z518z7MOsXSLLq2Qc=
-19,-22,XnYavVrw0ZmEXpZ/QyKZfdHRTsk=,fdpc3g6+x5Z518z7MOsXSLLq2Qc=
-21,-18,XnYavVrw0ZmEXpZ/QyKZfdHRTsk=,fdpc3g6+x5Z518z7MOsXSLLq2Qc=
-18,-21,XnYavVrw0ZmEXpZ/QyKZfdHRTsk=,fdpc3g6+x5Z518z7MOsXSLLq2Qc=
-23,-23,XnYavVrw0ZmEXpZ/QyKZfdHRTsk=,fdpc3g6+x5Z518z7MOsXSLLq2Qc=
-19,-21,XnYavVrw0ZmEXpZ/QyKZfdHRTsk=,fdpc3g6+x5Z518z7MOsXSLLq2Qc=
-18,-20,XnYavVrw0ZmEXpZ/QyKZfdHRTsk=,fdpc3g6+x5Z518z7MOsXSLLq2Qc=
-23,-22,XnYavVrw0ZmEXpZ/QyKZfdHRTsk=,fdpc3g6+x5Z518z7MOsXSLLq2Qc=
-20,-21,XnYavVrw0ZmEXpZ/QyKZfdHRTsk=,fdpc3g6+x5Z518z7MOsXSLLq2Qc=
-23,-21,XnYavVrw0ZmEXpZ/QyKZfdHRTsk=,fdpc3g6+x5Z518z7MOsXSLLq2Qc=
-19,-20,XnYavVrw0ZmEXpZ/QyKZfdHRTsk=,fdpc3g6+x5Z518z7MOsXSLLq2Qc=
-21,-20,XnYavVrw0ZmEXpZ/QyKZfdHRTsk=,fdpc3g6+x5Z518z7MOsXSLLq2Qc=
-20,-20,XnYavVrw0ZmEXpZ/QyKZfdHRTsk=,fdpc3g6+x5Z518z7MOsXSLLq2Qc=
-22,-20,XnYavVrw0ZmEXpZ/QyKZfdHRTsk=,fdpc3g6+x5Z518z7MOsXSLLq2Qc=
-19,-19,XnYavVrw0ZmEXpZ/QyKZfdHRTsk=,fdpc3g6+x5Z518z7MOsXSLLq2Qc=
-21,-19,XnYavVrw0ZmEXpZ/QyKZfdHRTsk=,fdpc3g6+x5Z518z7MOsXSLLq2Qc=
-20,-19,XnYavVrw0ZmEXpZ/QyKZfdHRTsk=,fdpc3g6+x5Z518z7MOsXSLLq2Qc=
-22,-18,XnYavVrw0ZmEXpZ/QyKZfdHRTsk=,fdpc3g6+x5Z518z7MOsXSLLq2Qc=
-23,-19,XnYavVrw0ZmEXpZ/QyKZfdHRTsk=,fdpc3g6+x5Z518z7MOsXSLLq2Qc=
-22,-19,XnYavVrw0ZmEXpZ/QyKZfdHRTsk=,fdpc3g6+x5Z518z7MOsXSLLq2Qc=
-23,-18,XnYavVrw0ZmEXpZ/QyKZfdHRTsk=,fdpc3g6+x5Z518z7MOsXSLLq2Qc=
-23,-20,XnYavVrw0ZmEXpZ/QyKZfdHRTsk=,fdpc3g6+x5Z518z7MOsXSLLq2Qc=
-18,-18,XnYavVrw0ZmEXpZ/QyKZfdHRTsk=,fdpc3g6+x5Z518z7MOsXSLLq2Qc=
-17,-19,XnYavVrw0ZmEXpZ/QyKZfdHRTsk=,fdpc3g6+x5Z518z7MOsXSLLq2Qc=
-17,-23,XnYavVrw0ZmEXpZ/QyKZfdHRTsk=,fdpc3g6+x5Z518z7MOsXSLLq2Qc=
-17,-18,XnYavVrw0ZmEXpZ/QyKZfdHRTsk=,fdpc3g6+x5Z518z7MOsXSLLq2Qc=
-17,-20,XnYavVrw0ZmEXpZ/QyKZfdHRTsk=,fdpc3g6+x5Z518z7MOsXSLLq2Qc=
-17,-22,XnYavVrw0ZmEXpZ/QyKZfdHRTsk=,fdpc3g6+x5Z518z7MOsXSLLq2Qc=
-17,-21,XnYavVrw0ZmEXpZ/QyKZfdHRTsk=,fdpc3g6+x5Z518z7MOsXSLLq2Qc=
-20,-17,XnYavVrw0ZmEXpZ/QyKZfdHRTsk=,fdpc3g6+x5Z518z7MOsXSLLq2Qc=
-19,-17,XnYavVrw0ZmEXpZ/QyKZfdHRTsk=,fdpc3g6+x5Z518z7MOsXSLLq2Qc=
-18,-17,XnYavVrw0ZmEXpZ/QyKZfdHRTsk=,fdpc3g6+x5Z518z7MOsXSLLq2Qc=
-23,-17,XnYavVrw0ZmEXpZ/QyKZfdHRTsk=,fdpc3g6+x5Z518z7MOsXSLLq2Qc=
-22,-17,XnYavVrw0ZmEXpZ/QyKZfdHRTsk=,fdpc3g6+x5Z518z7MOsXSLLq2Qc=
-21,-17,XnYavVrw0ZmEXpZ/QyKZfdHRTsk=,fdpc3g6+x5Z518z7MOsXSLLq2Qc=
-17,-17,XnYavVrw0ZmEXpZ/QyKZfdHRTsk=,fdpc3g6+x5Z518z7MOsXSLLq2Qc=
-28,-27,XnYavVrw0ZmEXpZ/QyKZfdHRTsk=,WP9df9o2/08Jl8Y/HtkkHmlANf4=
-27,-27,XnYavVrw0ZmEXpZ/QyKZfdHRTsk=,WP9df9o2/08Jl8Y/HtkkHmlANf4=
-26,-27,XnYavVrw0ZmEXpZ/QyKZfdHRTsk=,WP9df9o2/08Jl8Y/HtkkHmlANf4=
-29,-27,XnYavVrw0ZmEXpZ/QyKZfdHRTsk=,WP9df9o2/08Jl8Y/HtkkHmlANf4=
-30,-27,XnYavVrw0ZmEXpZ/QyKZfdHRTsk=,WP9df9o2/08Jl8Y/HtkkHmlANf4=
-31,-27,XnYavVrw0ZmEXpZ/QyKZfdHRTsk=,WP9df9o2/08Jl8Y/HtkkHmlANf4=
-32,-26,XnYavVrw0ZmEXpZ/QyKZfdHRTsk=,WP9df9o2/08Jl8Y/HtkkHmlANf4=
-31,-26,XnYavVrw0ZmEXpZ/QyKZfdHRTsk=,WP9df9o2/08Jl8Y/HtkkHmlANf4=
-30,-26,XnYavVrw0ZmEXpZ/QyKZfdHRTsk=,WP9df9o2/08Jl8Y/HtkkHmlANf4=
-29,-26,XnYavVrw0ZmEXpZ/QyKZfdHRTsk=,WP9df9o2/08Jl8Y/HtkkHmlANf4=
-28,-26,XnYavVrw0ZmEXpZ/QyKZfdHRTsk=,WP9df9o2/08Jl8Y/HtkkHmlANf4=
-32,-27,XnYavVrw0ZmEXpZ/QyKZfdHRTsk=,WP9df9o2/08Jl8Y/HtkkHmlANf4=
-27,-26,XnYavVrw0ZmEXpZ/QyKZfdHRTsk=,WP9df9o2/08Jl8Y/HtkkHmlANf4=
-26,-28,qfhnln5TjDNx8x0BDbz7CfnaAt0=,WP9df9o2/08Jl8Y/HtkkHmlANf4=
-26,-26,qfhnln5TjDNx8x0BDbz7CfnaAt0=,WP9df9o2/08Jl8Y/HtkkHmlANf4=
-27,-28,qfhnln5TjDNx8x0BDbz7CfnaAt0=,WP9df9o2/08Jl8Y/HtkkHmlANf4=
-32,-32,qfhnln5TjDNx8x0BDbz7CfnaAt0=,WP9df9o2/08Jl8Y/HtkkHmlANf4=
-28,-28,qfhnln5TjDNx8x0BDbz7CfnaAt0=,WP9df9o2/08Jl8Y/HtkkHmlANf4=
-31,-32,qfhnln5TjDNx8x0BDbz7CfnaAt0=,WP9df9o2/08Jl8Y/HtkkHmlANf4=
-29,-28,qfhnln5TjDNx8x0BDbz7CfnaAt0=,WP9df9o2/08Jl8Y/HtkkHmlANf4=
-30,-32,qfhnln5TjDNx8x0BDbz7CfnaAt0=,WP9df9o2/08Jl8Y/HtkkHmlANf4=
-30,-28,qfhnln5TjDNx8x0BDbz7CfnaAt0=,WP9df9o2/08Jl8Y/HtkkHmlANf4=
-31,-28,qfhnln5TjDNx8x0BDbz7CfnaAt0=,WP9df9o2/08Jl8Y/HtkkHmlANf4=
-29,-32,qfhnln5TjDNx8x0BDbz7CfnaAt0=,WP9df9o2/08Jl8Y/HtkkHmlANf4=
-28,-32,qfhnln5TjDNx8x0BDbz7CfnaAt0=,WP9df9o2/08Jl8Y/HtkkHmlANf4=
-27,-32,qfhnln5TjDNx8x0BDbz7CfnaAt0=,WP9df9o2/08Jl8Y/HtkkHmlANf4=
-32,-28,qfhnln5TjDNx8x0BDbz7CfnaAt0=,WP9df9o2/08Jl8Y/HtkkHmlANf4=
-26,-32,qfhnln5TjDNx8x0BDbz7CfnaAt0=,WP9df9o2/08Jl8Y/HtkkHmlANf4=
-26,-29,qfhnln5TjDNx8x0BDbz7CfnaAt0=,WP9df9o2/08Jl8Y/HtkkHmlANf4=
-27,-29,qfhnln5TjDNx8x0BDbz7CfnaAt0=,WP9df9o2/08Jl8Y/HtkkHmlANf4=
-32,-31,qfhnln5TjDNx8x0BDbz7CfnaAt0=,WP9df9o2/08Jl8Y/HtkkHmlANf4=
-28,-29,qfhnln5TjDNx8x0BDbz7CfnaAt0=,WP9df9o2/08Jl8Y/HtkkHmlANf4=
-31,-31,qfhnln5TjDNx8x0BDbz7CfnaAt0=,WP9df9o2/08Jl8Y/HtkkHmlANf4=
-30,-31,qfhnln5TjDNx8x0BDbz7CfnaAt0=,WP9df9o2/08Jl8Y/HtkkHmlANf4=
-29,-29,qfhnln5TjDNx8x0BDbz7CfnaAt0=,WP9df9o2/08Jl8Y/HtkkHmlANf4=
-29,-31,qfhnln5TjDNx8x0BDbz7CfnaAt0=,WP9df9o2/08Jl8Y/HtkkHmlANf4=
-30,-29,qfhnln5TjDNx8x0BDbz7CfnaAt0=,WP9df9o2/08Jl8Y/HtkkHmlANf4=
-28,-31,qfhnln5TjDNx8x0BDbz7CfnaAt0=,WP9df9o2/08Jl8Y/HtkkHmlANf4=
-31,-29,qfhnln5TjDNx8x0BDbz7CfnaAt0=,WP9df9o2/08Jl8Y/HtkkHmlANf4=
-27,-31,qfhnln5TjDNx8x0BDbz7CfnaAt0=,WP9df9o2/08Jl8Y/HtkkHmlANf4=
-32,-29,qfhnln5TjDNx8x0BDbz7CfnaAt0=,WP9df9o2/08Jl8Y/HtkkHmlANf4=
-26,-31,qfhnln5TjDNx8x0BDbz7CfnaAt0=,WP9df9o2/08Jl8Y/HtkkHmlANf4=
-26,-30,qfhnln5TjDNx8x0BDbz7CfnaAt0=,WP9df9o2/08Jl8Y/HtkkHmlANf4=
-32,-30,qfhnln5TjDNx8x0BDbz7CfnaAt0=,WP9df9o2/08Jl8Y/HtkkHmlANf4=
-27,-30,qfhnln5TjDNx8x0BDbz7CfnaAt0=,WP9df9o2/08Jl8Y/HtkkHmlANf4=
-31,-30,qfhnln5TjDNx8x0BDbz7CfnaAt0=,WP9df9o2/08Jl8Y/HtkkHmlANf4=
-28,-30,qfhnln5TjDNx8x0BDbz7CfnaAt0=,WP9df9o2/08Jl8Y/HtkkHmlANf4=
-30,-30,qfhnln5TjDNx8x0BDbz7CfnaAt0=,WP9df9o2/08Jl8Y/HtkkHmlANf4=
-29,-30,qfhnln5TjDNx8x0BDbz7CfnaAt0=,WP9df9o2/08Jl8Y/HtkkHmlANf4=
-28,-21,qfhnln5TjDNx8x0BDbz7CfnaAt0=,0Z/kstiHzgzfNKSgqhp+wRPZJ68=
-29,-21,qfhnln5TjDNx8x0BDbz7CfnaAt0=,0Z/kstiHzgzfNKSgqhp+wRPZJ68=
-27,-21,qfhnln5TjDNx8x0BDbz7CfnaAt0=,0Z/kstiHzgzfNKSgqhp+wRPZJ68=
-30,-21,qfhnln5TjDNx8x0BDbz7CfnaAt0=,0Z/kstiHzgzfNKSgqhp+wRPZJ68=
-25,-17,qfhnln5TjDNx8x0BDbz7CfnaAt0=,0Z/kstiHzgzfNKSgqhp+wRPZJ68=
-26,-17,qfhnln5TjDNx8x0BDbz7CfnaAt0=,0Z/kstiHzgzfNKSgqhp+wRPZJ68=
-27,-17,qfhnln5TjDNx8x0BDbz7CfnaAt0=,0Z/kstiHzgzfNKSgqhp+wRPZJ68=
-26,-21,qfhnln5TjDNx8x0BDbz7CfnaAt0=,0Z/kstiHzgzfNKSgqhp+wRPZJ68=
-31,-21,qfhnln5TjDNx8x0BDbz7CfnaAt0=,0Z/kstiHzgzfNKSgqhp+wRPZJ68=
-32,-25,qfhnln5TjDNx8x0BDbz7CfnaAt0=,WP9df9o2/08Jl8Y/HtkkHmlANf4=
-28,-17,qfhnln5TjDNx8x0BDbz7CfnaAt0=,0Z/kstiHzgzfNKSgqhp+wRPZJ68=
-31,-25,qfhnln5TjDNx8x0BDbz7CfnaAt0=,WP9df9o2/08Jl8Y/HtkkHmlANf4=
-30,-25,qfhnln5TjDNx8x0BDbz7CfnaAt0=,WP9df9o2/08Jl8Y/HtkkHmlANf4=
-29,-17,qfhnln5TjDNx8x0BDbz7CfnaAt0=,0Z/kstiHzgzfNKSgqhp+wRPZJ68=
-29,-25,qfhnln5TjDNx8x0BDbz7CfnaAt0=,WP9df9o2/08Jl8Y/HtkkHmlANf4=
-32,-21,qfhnln5TjDNx8x0BDbz7CfnaAt0=,0Z/kstiHzgzfNKSgqhp+wRPZJ68=
-28,-25,qfhnln5TjDNx8x0BDbz7CfnaAt0=,WP9df9o2/08Jl8Y/HtkkHmlANf4=
-30,-17,qfhnln5TjDNx8x0BDbz7CfnaAt0=,0Z/kstiHzgzfNKSgqhp+wRPZJ68=
-27,-25,qfhnln5TjDNx8x0BDbz7CfnaAt0=,WP9df9o2/08Jl8Y/HtkkHmlANf4=
-26,-25,qfhnln5TjDNx8x0BDbz7CfnaAt0=,WP9df9o2/08Jl8Y/HtkkHmlANf4=
-31,-17,qfhnln5TjDNx8x0BDbz7CfnaAt0=,0Z/kstiHzgzfNKSgqhp+wRPZJ68=
-32,-24,qfhnln5TjDNx8x0BDbz7CfnaAt0=,0Z/kstiHzgzfNKSgqhp+wRPZJ68=
-32,-17,qfhnln5TjDNx8x0BDbz7CfnaAt0=,0Z/kstiHzgzfNKSgqhp+wRPZJ68=
-25,-22,qfhnln5TjDNx8x0BDbz7CfnaAt0=,0Z/kstiHzgzfNKSgqhp+wRPZJ68=
-25,-18,qfhnln5TjDNx8x0BDbz7CfnaAt0=,0Z/kstiHzgzfNKSgqhp+wRPZJ68=
-26,-18,qfhnln5TjDNx8x0BDbz7CfnaAt0=,0Z/kstiHzgzfNKSgqhp+wRPZJ68=
-31,-24,qfhnln5TjDNx8x0BDbz7CfnaAt0=,0Z/kstiHzgzfNKSgqhp+wRPZJ68=
-30,-24,qfhnln5TjDNx8x0BDbz7CfnaAt0=,0Z/kstiHzgzfNKSgqhp+wRPZJ68=
-28,-24,qfhnln5TjDNx8x0BDbz7CfnaAt0=,0Z/kstiHzgzfNKSgqhp+wRPZJ68=
-29,-24,qfhnln5TjDNx8x0BDbz7CfnaAt0=,0Z/kstiHzgzfNKSgqhp+wRPZJ68=
-26,-22,qfhnln5TjDNx8x0BDbz7CfnaAt0=,0Z/kstiHzgzfNKSgqhp+wRPZJ68=
-27,-24,qfhnln5TjDNx8x0BDbz7CfnaAt0=,0Z/kstiHzgzfNKSgqhp+wRPZJ68=
-27,-18,qfhnln5TjDNx8x0BDbz7CfnaAt0=,0Z/kstiHzgzfNKSgqhp+wRPZJ68=
-26,-24,qfhnln5TjDNx8x0BDbz7CfnaAt0=,0Z/kstiHzgzfNKSgqhp+wRPZJ68=
-28,-18,qfhnln5TjDNx8x0BDbz7CfnaAt0=,0Z/kstiHzgzfNKSgqhp+wRPZJ68=
-25,-21,qfhnln5TjDNx8x0BDbz7CfnaAt0=,0Z/kstiHzgzfNKSgqhp+wRPZJ68=
-29,-18,qfhnln5TjDNx8x0BDbz7CfnaAt0=,0Z/kstiHzgzfNKSgqhp+wRPZJ68=
-25,-27,qfhnln5TjDNx8x0BDbz7CfnaAt0=,WP9df9o2/08Jl8Y/HtkkHmlANf4=
-30,-18,qfhnln5TjDNx8x0BDbz7CfnaAt0=,0Z/kstiHzgzfNKSgqhp+wRPZJ68=
-32,-23,qfhnln5TjDNx8x0BDbz7CfnaAt0=,0Z/kstiHzgzfNKSgqhp+wRPZJ68=
-27,-22,qfhnln5TjDNx8x0BDbz7CfnaAt0=,0Z/kstiHzgzfNKSgqhp+wRPZJ68=
-25,-26,qfhnln5TjDNx8x0BDbz7CfnaAt0=,WP9df9o2/08Jl8Y/HtkkHmlANf4=
-31,-18,qfhnln5TjDNx8x0BDbz7CfnaAt0=,0Z/kstiHzgzfNKSgqhp+wRPZJ68=
-31,-23,qfhnln5TjDNx8x0BDbz7CfnaAt0=,0Z/kstiHzgzfNKSgqhp+wRPZJ68=
-32,-18,qfhnln5TjDNx8x0BDbz7CfnaAt0=,0Z/kstiHzgzfNKSgqhp+wRPZJ68=
-28,-22,qfhnln5TjDNx8x0BDbz7CfnaAt0=,0Z/kstiHzgzfNKSgqhp+wRPZJ68=
-25,-19,qfhnln5TjDNx8x0BDbz7CfnaAt0=,0Z/kstiHzgzfNKSgqhp+wRPZJ68=
-24,-17,qfhnln5TjDNx8x0BDbz7CfnaAt0=,fdpc3g6+x5Z518z7MOsXSLLq2Qc=
-20,-25,qfhnln5TjDNx8x0BDbz7CfnaAt0=,3vvaspUnkehvtw52LSnGUFtPI5g=
-29,-22,qfhnln5TjDNx8x0BDbz7CfnaAt0=,0Z/kstiHzgzfNKSgqhp+wRPZJ68=
-30,-22,qfhnln5TjDNx8x0BDbz7CfnaAt0=,0Z/kstiHzgzfNKSgqhp+wRPZJ68=
-30,-23,qfhnln5TjDNx8x0BDbz7CfnaAt0=,0Z/kstiHzgzfNKSgqhp+wRPZJ68=
-25,-25,qfhnln5TjDNx8x0BDbz7CfnaAt0=,WP9df9o2/08Jl8Y/HtkkHmlANf4=
-21,-25,qfhnln5TjDNx8x0BDbz7CfnaAt0=,3vvaspUnkehvtw52LSnGUFtPI5g=
-31,-22,qfhnln5TjDNx8x0BDbz7CfnaAt0=,0Z/kstiHzgzfNKSgqhp+wRPZJ68=
-26,-19,qfhnln5TjDNx8x0BDbz7CfnaAt0=,0Z/kstiHzgzfNKSgqhp+wRPZJ68=
-29,-23,qfhnln5TjDNx8x0BDbz7CfnaAt0=,0Z/kstiHzgzfNKSgqhp+wRPZJ68=
-24,-32,qfhnln5TjDNx8x0BDbz7CfnaAt0=,3vvaspUnkehvtw52LSnGUFtPI5g=
-22,-25,qfhnln5TjDNx8x0BDbz7CfnaAt0=,3vvaspUnkehvtw52LSnGUFtPI5g=
-32,-20,qfhnln5TjDNx8x0BDbz7CfnaAt0=,0Z/kstiHzgzfNKSgqhp+wRPZJ68=
-25,-24,qfhnln5TjDNx8x0BDbz7CfnaAt0=,0Z/kstiHzgzfNKSgqhp+wRPZJ68=
-31,-20,qfhnln5TjDNx8x0BDbz7CfnaAt0=,0Z/kstiHzgzfNKSgqhp+wRPZJ68=
-19,-25,qfhnln5TjDNx8x0BDbz7CfnaAt0=,3vvaspUnkehvtw52LSnGUFtPI5g=
-23,-25,qfhnln5TjDNx8x0BDbz7CfnaAt0=,3vvaspUnkehvtw52LSnGUFtPI5g=
-30,-20,qfhnln5TjDNx8x0BDbz7CfnaAt0=,0Z/kstiHzgzfNKSgqhp+wRPZJ68=
-23,-32,qfhnln5TjDNx8x0BDbz7CfnaAt0=,3vvaspUnkehvtw52LSnGUFtPI5g=
-24,-22,qfhnln5TjDNx8x0BDbz7CfnaAt0=,fdpc3g6+x5Z518z7MOsXSLLq2Qc=
-29,-20,qfhnln5TjDNx8x0BDbz7CfnaAt0=,0Z/kstiHzgzfNKSgqhp+wRPZJ68=
-24,-18,qfhnln5TjDNx8x0BDbz7CfnaAt0=,fdpc3g6+x5Z518z7MOsXSLLq2Qc=
-22,-32,qfhnln5TjDNx8x0BDbz7CfnaAt0=,3vvaspUnkehvtw52LSnGUFtPI5g=
-25,-23,qfhnln5TjDNx8x0BDbz7CfnaAt0=,0Z/kstiHzgzfNKSgqhp+wRPZJ68=
-28,-20,qfhnln5TjDNx8x0BDbz7CfnaAt0=,0Z/kstiHzgzfNKSgqhp+wRPZJ68=
-24,-20,qfhnln5TjDNx8x0BDbz7CfnaAt0=,fdpc3g6+x5Z518z7MOsXSLLq2Qc=
-21,-32,qfhnln5TjDNx8x0BDbz7CfnaAt0=,3vvaspUnkehvtw52LSnGUFtPI5g=
-26,-23,qfhnln5TjDNx8x0BDbz7CfnaAt0=,0Z/kstiHzgzfNKSgqhp+wRPZJ68=
-27,-20,qfhnln5TjDNx8x0BDbz7CfnaAt0=,0Z/kstiHzgzfNKSgqhp+wRPZJ68=
-20,-32,qfhnln5TjDNx8x0BDbz7CfnaAt0=,3vvaspUnkehvtw52LSnGUFtPI5g=
-27,-19,qfhnln5TjDNx8x0BDbz7CfnaAt0=,0Z/kstiHzgzfNKSgqhp+wRPZJ68=
-24,-23,qfhnln5TjDNx8x0BDbz7CfnaAt0=,fdpc3g6+x5Z518z7MOsXSLLq2Qc=
-19,-32,qfhnln5TjDNx8x0BDbz7CfnaAt0=,3vvaspUnkehvtw52LSnGUFtPI5g=
-27,-23,qfhnln5TjDNx8x0BDbz7CfnaAt0=,0Z/kstiHzgzfNKSgqhp+wRPZJ68=
-26,-20,qfhnln5TjDNx8x0BDbz7CfnaAt0=,0Z/kstiHzgzfNKSgqhp+wRPZJ68=
-25,-20,qfhnln5TjDNx8x0BDbz7CfnaAt0=,0Z/kstiHzgzfNKSgqhp+wRPZJ68=
-18,-32,qfhnln5TjDNx8x0BDbz7CfnaAt0=,3vvaspUnkehvtw52LSnGUFtPI5g=
-24,-25,qfhnln5TjDNx8x0BDbz7CfnaAt0=,3vvaspUnkehvtw52LSnGUFtPI5g=
-32,-22,qfhnln5TjDNx8x0BDbz7CfnaAt0=,0Z/kstiHzgzfNKSgqhp+wRPZJ68=
-24,-21,qfhnln5TjDNx8x0BDbz7CfnaAt0=,fdpc3g6+x5Z518z7MOsXSLLq2Qc=
-28,-19,qfhnln5TjDNx8x0BDbz7CfnaAt0=,0Z/kstiHzgzfNKSgqhp+wRPZJ68=
-17,-26,qfhnln5TjDNx8x0BDbz7CfnaAt0=,3vvaspUnkehvtw52LSnGUFtPI5g=
-29,-19,qfhnln5TjDNx8x0BDbz7CfnaAt0=,0Z/kstiHzgzfNKSgqhp+wRPZJ68=
-30,-19,qfhnln5TjDNx8x0BDbz7CfnaAt0=,0Z/kstiHzgzfNKSgqhp+wRPZJ68=
-28,-23,qfhnln5TjDNx8x0BDbz7CfnaAt0=,0Z/kstiHzgzfNKSgqhp+wRPZJ68=
-24,-19,qfhnln5TjDNx8x0BDbz7CfnaAt0=,fdpc3g6+x5Z518z7MOsXSLLq2Qc=
-31,-19,qfhnln5TjDNx8x0BDbz7CfnaAt0=,0Z/kstiHzgzfNKSgqhp+wRPZJ68=
-18,-26,qfhnln5TjDNx8x0BDbz7CfnaAt0=,3vvaspUnkehvtw52LSnGUFtPI5g=
-19,-26,qfhnln5TjDNx8x0BDbz7CfnaAt0=,3vvaspUnkehvtw52LSnGUFtPI5g=
-20,-26,qfhnln5TjDNx8x0BDbz7CfnaAt0=,3vvaspUnkehvtw52LSnGUFtPI5g=
-21,-26,qfhnln5TjDNx8x0BDbz7CfnaAt0=,3vvaspUnkehvtw52LSnGUFtPI5g=
-22,-26,qfhnln5TjDNx8x0BDbz7CfnaAt0=,3vvaspUnkehvtw52LSnGUFtPI5g=
-23,-24,qfhnln5TjDNx8x0BDbz7CfnaAt0=,fdpc3g6+x5Z518z7MOsXSLLq2Qc=
-18,-25,qfhnln5TjDNx8x0BDbz7CfnaAt0=,3vvaspUnkehvtw52LSnGUFtPI5g=
-17,-32,qfhnln5TjDNx8x0BDbz7CfnaAt0=,3vvaspUnkehvtw52LSnGUFtPI5g=
-23,-26,qfhnln5TjDNx8x0BDbz7CfnaAt0=,3vvaspUnkehvtw52LSnGUFtPI5g=
-17,-27,qfhnln5TjDNx8x0BDbz7CfnaAt0=,3vvaspUnkehvtw52LSnGUFtPI5g=
-24,-26,qfhnln5TjDNx8x0BDbz7CfnaAt0=,3vvaspUnkehvtw52LSnGUFtPI5g=
-18,-27,qfhnln5TjDNx8x0BDbz7CfnaAt0=,3vvaspUnkehvtw52LSnGUFtPI5g=
-19,-27,qfhnln5TjDNx8x0BDbz7CfnaAt0=,3vvaspUnkehvtw52LSnGUFtPI5g=
-20,-27,qfhnln5TjDNx8x0BDbz7CfnaAt0=,3vvaspUnkehvtw52LSnGUFtPI5g=
-24,-31,qfhnln5TjDNx8x0BDbz7CfnaAt0=,3vvaspUnkehvtw52LSnGUFtPI5g=
-22,-27,qfhnln5TjDNx8x0BDbz7CfnaAt0=,3vvaspUnkehvtw52LSnGUFtPI5g=
-21,-27,qfhnln5TjDNx8x0BDbz7CfnaAt0=,3vvaspUnkehvtw52LSnGUFtPI5g=
-23,-31,qfhnln5TjDNx8x0BDbz7CfnaAt0=,3vvaspUnkehvtw52LSnGUFtPI5g=
-25,-28,qfhnln5TjDNx8x0BDbz7CfnaAt0=,WP9df9o2/08Jl8Y/HtkkHmlANf4=
-23,-27,qfhnln5TjDNx8x0BDbz7CfnaAt0=,3vvaspUnkehvtw52LSnGUFtPI5g=
-22,-31,qfhnln5TjDNx8x0BDbz7CfnaAt0=,3vvaspUnkehvtw52LSnGUFtPI5g=
-24,-27,qfhnln5TjDNx8x0BDbz7CfnaAt0=,3vvaspUnkehvtw52LSnGUFtPI5g=
-17,-28,qfhnln5TjDNx8x0BDbz7CfnaAt0=,3vvaspUnkehvtw52LSnGUFtPI5g=
-25,-29,qfhnln5TjDNx8x0BDbz7CfnaAt0=,WP9df9o2/08Jl8Y/HtkkHmlANf4=
-18,-28,qfhnln5TjDNx8x0BDbz7CfnaAt0=,3vvaspUnkehvtw52LSnGUFtPI5g=
-21,-31,qfhnln5TjDNx8x0BDbz7CfnaAt0=,3vvaspUnkehvtw52LSnGUFtPI5g=
-25,-30,qfhnln5TjDNx8x0BDbz7CfnaAt0=,WP9df9o2/08Jl8Y/HtkkHmlANf4=
-19,-28,qfhnln5TjDNx8x0BDbz7CfnaAt0=,3vvaspUnkehvtw52LSnGUFtPI5g=
-20,-31,qfhnln5TjDNx8x0BDbz7CfnaAt0=,3vvaspUnkehvtw52LSnGUFtPI5g=
-20,-28,qfhnln5TjDNx8x0BDbz7CfnaAt0=,3vvaspUnkehvtw52LSnGUFtPI5g=
-21,-28,qfhnln5TjDNx8x0BDbz7CfnaAt0=,3vvaspUnkehvtw52LSnGUFtPI5g=
-22,-24,qfhnln5TjDNx8x0BDbz7CfnaAt0=,fdpc3g6+x5Z518z7MOsXSLLq2Qc=
-22,-28,qfhnln5TjDNx8x0BDbz7CfnaAt0=,3vvaspUnkehvtw52LSnGUFtPI5g=
-25,-31,qfhnln5TjDNx8x0BDbz7CfnaAt0=,WP9df9o2/08Jl8Y/HtkkHmlANf4=
-21,-24,qfhnln5TjDNx8x0BDbz7CfnaAt0=,fdpc3g6+x5Z518z7MOsXSLLq2Qc=
-23,-28,qfhnln5TjDNx8x0BDbz7CfnaAt0=,3vvaspUnkehvtw52LSnGUFtPI5g=
-20,-24,qfhnln5TjDNx8x0BDbz7CfnaAt0=,fdpc3g6+x5Z518z7MOsXSLLq2Qc=
-24,-28,qfhnln5TjDNx8x0BDbz7CfnaAt0=,3vvaspUnkehvtw52LSnGUFtPI5g=
-17,-29,qfhnln5TjDNx8x0BDbz7CfnaAt0=,3vvaspUnkehvtw52LSnGUFtPI5g=
-19,-24,qfhnln5TjDNx8x0BDbz7CfnaAt0=,fdpc3g6+x5Z518z7MOsXSLLq2Qc=
-25,-32,qfhnln5TjDNx8x0BDbz7CfnaAt0=,WP9df9o2/08Jl8Y/HtkkHmlANf4=
-18,-29,qfhnln5TjDNx8x0BDbz7CfnaAt0=,3vvaspUnkehvtw52LSnGUFtPI5g=
-20,-29,qfhnln5TjDNx8x0BDbz7CfnaAt0=,3vvaspUnkehvtw52LSnGUFtPI5g=
-19,-31,qfhnln5TjDNx8x0BDbz7CfnaAt0=,3vvaspUnkehvtw52LSnGUFtPI5g=
-19,-29,qfhnln5TjDNx8x0BDbz7CfnaAt0=,3vvaspUnkehvtw52LSnGUFtPI5g=
-18,-31,qfhnln5TjDNx8x0BDbz7CfnaAt0=,3vvaspUnkehvtw52LSnGUFtPI5g=
-17,-31,qfhnln5TjDNx8x0BDbz7CfnaAt0=,3vvaspUnkehvtw52LSnGUFtPI5g=
-21,-29,qfhnln5TjDNx8x0BDbz7CfnaAt0=,3vvaspUnkehvtw52LSnGUFtPI5g=
-18,-24,qfhnln5TjDNx8x0BDbz7CfnaAt0=,fdpc3g6+x5Z518z7MOsXSLLq2Qc=
-22,-29,qfhnln5TjDNx8x0BDbz7CfnaAt0=,3vvaspUnkehvtw52LSnGUFtPI5g=
-24,-24,qfhnln5TjDNx8x0BDbz7CfnaAt0=,fdpc3g6+x5Z518z7MOsXSLLq2Qc=
-24,-30,qfhnln5TjDNx8x0BDbz7CfnaAt0=,3vvaspUnkehvtw52LSnGUFtPI5g=
-17,-24,qfhnln5TjDNx8x0BDbz7CfnaAt0=,fdpc3g6+x5Z518z7MOsXSLLq2Qc=
-23,-29,qfhnln5TjDNx8x0BDbz7CfnaAt0=,3vvaspUnkehvtw52LSnGUFtPI5g=
-17,-30,qfhnln5TjDNx8x0BDbz7CfnaAt0=,3vvaspUnkehvtw52LSnGUFtPI5g=
-18,-30,qfhnln5TjDNx8x0BDbz7CfnaAt0=,3vvaspUnkehvtw52LSnGUFtPI5g=
-24,-29,qfhnln5TjDNx8x0BDbz7CfnaAt0=,3vvaspUnkehvtw52LSnGUFtPI5g=
-17,-25,qfhnln5TjDNx8x0BDbz7CfnaAt0=,3vvaspUnkehvtw52LSnGUFtPI5g=
-23,-30,qfhnln5TjDNx8x0BDbz7CfnaAt0=,3vvaspUnkehvtw52LSnGUFtPI5g=
-19,-30,qfhnln5TjDNx8x0BDbz7CfnaAt0=,3vvaspUnkehvtw52LSnGUFtPI5g=
-20,-30,qfhnln5TjDNx8x0BDbz7CfnaAt0=,3vvaspUnkehvtw52LSnGUFtPI5g=
-22,-30,qfhnln5TjDNx8x0BDbz7CfnaAt0=,3vvaspUnkehvtw52LSnGUFtPI5g=
-32,-19,qfhnln5TjDNx8x0BDbz7CfnaAt0=,0Z/kstiHzgzfNKSgqhp+wRPZJ68=
-21,-30,qfhnln5TjDNx8x0BDbz7CfnaAt0=,3vvaspUnkehvtw52LSnGUFtPI5g=
-28,-5,JR2Fz9NaAblVymmvVt5drHczV2o=,x8mMQE8Nl4E64GNIfxS0BFwvcXg=
-27,-5,JR2Fz9NaAblVymmvVt5drHczV2o=,x8mMQE8Nl4E64GNIfxS0BFwvcXg=
-26,-5,JR2Fz9NaAblVymmvVt5drHczV2o=,x8mMQE8Nl4E64GNIfxS0BFwvcXg=
-31,-4,JR2Fz9NaAblVymmvVt5drHczV2o=,x8mMQE8Nl4E64GNIfxS0BFwvcXg=
-29,-5,JR2Fz9NaAblVymmvVt5drHczV2o=,x8mMQE8Nl4E64GNIfxS0BFwvcXg=
-30,-5,JR2Fz9NaAblVymmvVt5drHczV2o=,x8mMQE8Nl4E64GNIfxS0BFwvcXg=
-31,-5,JR2Fz9NaAblVymmvVt5drHczV2o=,x8mMQE8Nl4E64GNIfxS0BFwvcXg=
-26,-6,JR2Fz9NaAblVymmvVt5drHczV2o=,x8mMQE8Nl4E64GNIfxS0BFwvcXg=
-27,-6,JR2Fz9NaAblVymmvVt5drHczV2o=,x8mMQE8Nl4E64GNIfxS0BFwvcXg=
-28,-6,JR2Fz9NaAblVymmvVt5drHczV2o=,x8mMQE8Nl4E64GNIfxS0BFwvcXg=
-26,-2,JR2Fz9NaAblVymmvVt5drHczV2o=,x8mMQE8Nl4E64GNIfxS0BFwvcXg=
-29,-6,JR2Fz9NaAblVymmvVt5drHczV2o=,x8mMQE8Nl4E64GNIfxS0BFwvcXg=
-27,-2,JR2Fz9NaAblVymmvVt5drHczV2o=,x8mMQE8Nl4E64GNIfxS0BFwvcXg=
-28,-2,JR2Fz9NaAblVymmvVt5drHczV2o=,x8mMQE8Nl4E64GNIfxS0BFwvcXg=
-29,-2,JR2Fz9NaAblVymmvVt5drHczV2o=,x8mMQE8Nl4E64GNIfxS0BFwvcXg=
-30,-6,JR2Fz9NaAblVymmvVt5drHczV2o=,x8mMQE8Nl4E64GNIfxS0BFwvcXg=
-31,-6,JR2Fz9NaAblVymmvVt5drHczV2o=,x8mMQE8Nl4E64GNIfxS0BFwvcXg=
-30,-2,JR2Fz9NaAblVymmvVt5drHczV2o=,x8mMQE8Nl4E64GNIfxS0BFwvcXg=
-31,-2,JR2Fz9NaAblVymmvVt5drHczV2o=,x8mMQE8Nl4E64GNIfxS0BFwvcXg=
-28,-11,JR2Fz9NaAblVymmvVt5drHczV2o=,qzeUKDl82Ax0ZomxHL4LjitTvjo=
-26,-7,JR2Fz9NaAblVymmvVt5drHczV2o=,x8mMQE8Nl4E64GNIfxS0BFwvcXg=
-27,-11,JR2Fz9NaAblVymmvVt5drHczV2o=,qzeUKDl82Ax0ZomxHL4LjitTvjo=
-27,-7,JR2Fz9NaAblVymmvVt5drHczV2o=,x8mMQE8Nl4E64GNIfxS0BFwvcXg=
-26,-11,JR2Fz9NaAblVymmvVt5drHczV2o=,qzeUKDl82Ax0ZomxHL4LjitTvjo=
-30,-10,JR2Fz9NaAblVymmvVt5drHczV2o=,qzeUKDl82Ax0ZomxHL4LjitTvjo=
-31,-10,JR2Fz9NaAblVymmvVt5drHczV2o=,qzeUKDl82Ax0ZomxHL4LjitTvjo=
-29,-10,JR2Fz9NaAblVymmvVt5drHczV2o=,qzeUKDl82Ax0ZomxHL4LjitTvjo=
-28,-10,JR2Fz9NaAblVymmvVt5drHczV2o=,qzeUKDl82Ax0ZomxHL4LjitTvjo=
-28,-7,JR2Fz9NaAblVymmvVt5drHczV2o=,x8mMQE8Nl4E64GNIfxS0BFwvcXg=
-27,-10,JR2Fz9NaAblVymmvVt5drHczV2o=,qzeUKDl82Ax0ZomxHL4LjitTvjo=
-26,-10,JR2Fz9NaAblVymmvVt5drHczV2o=,qzeUKDl82Ax0ZomxHL4LjitTvjo=
-31,-15,JR2Fz9NaAblVymmvVt5drHczV2o=,qzeUKDl82Ax0ZomxHL4LjitTvjo=
-30,-15,JR2Fz9NaAblVymmvVt5drHczV2o=,qzeUKDl82Ax0ZomxHL4LjitTvjo=
-29,-15,JR2Fz9NaAblVymmvVt5drHczV2o=,qzeUKDl82Ax0ZomxHL4LjitTvjo=
-28,-15,JR2Fz9NaAblVymmvVt5drHczV2o=,qzeUKDl82Ax0ZomxHL4LjitTvjo=
-27,-15,JR2Fz9NaAblVymmvVt5drHczV2o=,qzeUKDl82Ax0ZomxHL4LjitTvjo=
-26,-15,JR2Fz9NaAblVymmvVt5drHczV2o=,qzeUKDl82Ax0ZomxHL4LjitTvjo=
-29,-7,JR2Fz9NaAblVymmvVt5drHczV2o=,x8mMQE8Nl4E64GNIfxS0BFwvcXg=
-30,-7,JR2Fz9NaAblVymmvVt5drHczV2o=,x8mMQE8Nl4E64GNIfxS0BFwvcXg=
-29,-11,JR2Fz9NaAblVymmvVt5drHczV2o=,qzeUKDl82Ax0ZomxHL4LjitTvjo=
-30,-11,JR2Fz9NaAblVymmvVt5drHczV2o=,qzeUKDl82Ax0ZomxHL4LjitTvjo=
-26,-3,JR2Fz9NaAblVymmvVt5drHczV2o=,x8mMQE8Nl4E64GNIfxS0BFwvcXg=
-31,-7,JR2Fz9NaAblVymmvVt5drHczV2o=,x8mMQE8Nl4E64GNIfxS0BFwvcXg=
-27,-3,JR2Fz9NaAblVymmvVt5drHczV2o=,x8mMQE8Nl4E64GNIfxS0BFwvcXg=
-28,-3,JR2Fz9NaAblVymmvVt5drHczV2o=,x8mMQE8Nl4E64GNIfxS0BFwvcXg=
-29,-3,JR2Fz9NaAblVymmvVt5drHczV2o=,x8mMQE8Nl4E64GNIfxS0BFwvcXg=
-30,-3,JR2Fz9NaAblVymmvVt5drHczV2o=,x8mMQE8Nl4E64GNIfxS0BFwvcXg=
-31,-11,JR2Fz9NaAblVymmvVt5drHczV2o=,qzeUKDl82Ax0ZomxHL4LjitTvjo=
-31,-3,JR2Fz9NaAblVymmvVt5drHczV2o=,x8mMQE8Nl4E64GNIfxS0BFwvcXg=
-26,-12,4FNA7PepPZmU2tWrvUWwAg6fM8Y=,qzeUKDl82Ax0ZomxHL4LjitTvjo=
-26,-4,4FNA7PepPZmU2tWrvUWwAg6fM8Y=,x8mMQE8Nl4E64GNIfxS0BFwvcXg=
-31,-9,4FNA7PepPZmU2tWrvUWwAg6fM8Y=,qzeUKDl82Ax0ZomxHL4LjitTvjo=
-30,-9,4FNA7PepPZmU2tWrvUWwAg6fM8Y=,qzeUKDl82Ax0ZomxHL4LjitTvjo=
-29,-9,4FNA7PepPZmU2tWrvUWwAg6fM8Y=,qzeUKDl82Ax0ZomxHL4LjitTvjo=
-27,-4,4FNA7PepPZmU2tWrvUWwAg6fM8Y=,x8mMQE8Nl4E64GNIfxS0BFwvcXg=
-28,-4,4FNA7PepPZmU2tWrvUWwAg6fM8Y=,x8mMQE8Nl4E64GNIfxS0BFwvcXg=
-28,-9,4FNA7PepPZmU2tWrvUWwAg6fM8Y=,qzeUKDl82Ax0ZomxHL4LjitTvjo=
-31,-14,4FNA7PepPZmU2tWrvUWwAg6fM8Y=,qzeUKDl82Ax0ZomxHL4LjitTvjo=
-27,-12,4FNA7PepPZmU2tWrvUWwAg6fM8Y=,qzeUKDl82Ax0ZomxHL4LjitTvjo=
-28,-12,4FNA7PepPZmU2tWrvUWwAg6fM8Y=,qzeUKDl82Ax0ZomxHL4LjitTvjo=
-29,-12,4FNA7PepPZmU2tWrvUWwAg6fM8Y=,qzeUKDl82Ax0ZomxHL4LjitTvjo=
-30,-14,4FNA7PepPZmU2tWrvUWwAg6fM8Y=,qzeUKDl82Ax0ZomxHL4LjitTvjo=
-30,-12,4FNA7PepPZmU2tWrvUWwAg6fM8Y=,qzeUKDl82Ax0ZomxHL4LjitTvjo=
-29,-14,4FNA7PepPZmU2tWrvUWwAg6fM8Y=,qzeUKDl82Ax0ZomxHL4LjitTvjo=
-29,-4,4FNA7PepPZmU2tWrvUWwAg6fM8Y=,x8mMQE8Nl4E64GNIfxS0BFwvcXg=
-28,-14,4FNA7PepPZmU2tWrvUWwAg6fM8Y=,qzeUKDl82Ax0ZomxHL4LjitTvjo=
-27,-14,4FNA7PepPZmU2tWrvUWwAg6fM8Y=,qzeUKDl82Ax0ZomxHL4LjitTvjo=
-27,-9,4FNA7PepPZmU2tWrvUWwAg6fM8Y=,qzeUKDl82Ax0ZomxHL4LjitTvjo=
-26,-14,4FNA7PepPZmU2tWrvUWwAg6fM8Y=,qzeUKDl82Ax0ZomxHL4LjitTvjo=
-26,-9,4FNA7PepPZmU2tWrvUWwAg6fM8Y=,qzeUKDl82Ax0ZomxHL4LjitTvjo=
-31,-8,4FNA7PepPZmU2tWrvUWwAg6fM8Y=,x8mMQE8Nl4E64GNIfxS0BFwvcXg=
-30,-8,4FNA7PepPZmU2tWrvUWwAg6fM8Y=,x8mMQE8Nl4E64GNIfxS0BFwvcXg=
-29,-8,4FNA7PepPZmU2tWrvUWwAg6fM8Y=,x8mMQE8Nl4E64GNIfxS0BFwvcXg=
-28,-8,4FNA7PepPZmU2tWrvUWwAg6fM8Y=,x8mMQE8Nl4E64GNIfxS0BFwvcXg=
-27,-8,4FNA7PepPZmU2tWrvUWwAg6fM8Y=,x8mMQE8Nl4E64GNIfxS0BFwvcXg=
-26,-8,4FNA7PepPZmU2tWrvUWwAg6fM8Y=,x8mMQE8Nl4E64GNIfxS0BFwvcXg=
-31,-13,4FNA7PepPZmU2tWrvUWwAg6fM8Y=,qzeUKDl82Ax0ZomxHL4LjitTvjo=
-30,-13,4FNA7PepPZmU2tWrvUWwAg6fM8Y=,qzeUKDl82Ax0ZomxHL4LjitTvjo=
-28,-13,4FNA7PepPZmU2tWrvUWwAg6fM8Y=,qzeUKDl82Ax0ZomxHL4LjitTvjo=
-29,-13,4FNA7PepPZmU2tWrvUWwAg6fM8Y=,qzeUKDl82Ax0ZomxHL4LjitTvjo=
-27,-13,4FNA7PepPZmU2tWrvUWwAg6fM8Y=,qzeUKDl82Ax0ZomxHL4LjitTvjo=
-26,-13,4FNA7PepPZmU2tWrvUWwAg6fM8Y=,qzeUKDl82Ax0ZomxHL4LjitTvjo=
-31,-12,4FNA7PepPZmU2tWrvUWwAg6fM8Y=,qzeUKDl82Ax0ZomxHL4LjitTvjo=
-30,-4,4FNA7PepPZmU2tWrvUWwAg6fM8Y=,x8mMQE8Nl4E64GNIfxS0BFwvcXg=
-31,-1,4FNA7PepPZmU2tWrvUWwAg6fM8Y=,x8mMQE8Nl4E64GNIfxS0BFwvcXg=
-29,-1,4FNA7PepPZmU2tWrvUWwAg6fM8Y=,x8mMQE8Nl4E64GNIfxS0BFwvcXg=
-30,-1,4FNA7PepPZmU2tWrvUWwAg6fM8Y=,x8mMQE8Nl4E64GNIfxS0BFwvcXg=
-28,-1,4FNA7PepPZmU2tWrvUWwAg6fM8Y=,x8mMQE8Nl4E64GNIfxS0BFwvcXg=
-27,-1,4FNA7PepPZmU2tWrvUWwAg6fM8Y=,x8mMQE8Nl4E64GNIfxS0BFwvcXg=
-26,-1,4FNA7PepPZmU2tWrvUWwAg6fM8Y=,x8mMQE8Nl4E64GNIfxS0BFwvcXg=
-31,-16,4FNA7PepPZmU2tWrvUWwAg6fM8Y=,qzeUKDl82Ax0ZomxHL4LjitTvjo=
-29,-16,4FNA7PepPZmU2tWrvUWwAg6fM8Y=,qzeUKDl82Ax0ZomxHL4LjitTvjo=
-30,-16,4FNA7PepPZmU2tWrvUWwAg6fM8Y=,qzeUKDl82Ax0ZomxHL4LjitTvjo=
-28,-16,4FNA7PepPZmU2tWrvUWwAg6fM8Y=,qzeUKDl82Ax0ZomxHL4LjitTvjo=
-27,-16,4FNA7PepPZmU2tWrvUWwAg6fM8Y=,qzeUKDl82Ax0ZomxHL4LjitTvjo=
-26,-16,4FNA7PepPZmU2tWrvUWwAg6fM8Y=,qzeUKDl82Ax0ZomxHL4LjitTvjo=
-20,-13,4FNA7PepPZmU2tWrvUWwAg6fM8Y=,EETYq60GqA4KwM56uo001E0HBcY=
-19,-13,4FNA7PepPZmU2tWrvUWwAg6fM8Y=,EETYq60GqA4KwM56uo001E0HBcY=
-18,-13,4FNA7PepPZmU2tWrvUWwAg6fM8Y=,EETYq60GqA4KwM56uo001E0HBcY=
-25,-11,4FNA7PepPZmU2tWrvUWwAg6fM8Y=,qzeUKDl82Ax0ZomxHL4LjitTvjo=
-17,-13,4FNA7PepPZmU2tWrvUWwAg6fM8Y=,EETYq60GqA4KwM56uo001E0HBcY=
-24,-12,4FNA7PepPZmU2tWrvUWwAg6fM8Y=,EETYq60GqA4KwM56uo001E0HBcY=
-23,-12,4FNA7PepPZmU2tWrvUWwAg6fM8Y=,EETYq60GqA4KwM56uo001E0HBcY=
-22,-12,4FNA7PepPZmU2tWrvUWwAg6fM8Y=,EETYq60GqA4KwM56uo001E0HBcY=
-18,-14,4FNA7PepPZmU2tWrvUWwAg6fM8Y=,EETYq60GqA4KwM56uo001E0HBcY=
-21,-12,4FNA7PepPZmU2tWrvUWwAg6fM8Y=,EETYq60GqA4KwM56uo001E0HBcY=
-19,-12,4FNA7PepPZmU2tWrvUWwAg6fM8Y=,EETYq60GqA4KwM56uo001E0HBcY=
-20,-12,4FNA7PepPZmU2tWrvUWwAg6fM8Y=,EETYq60GqA4KwM56uo001E0HBcY=
-18,-12,4FNA7PepPZmU2tWrvUWwAg6fM8Y=,EETYq60GqA4KwM56uo001E0HBcY=
-25,-10,4FNA7PepPZmU2tWrvUWwAg6fM8Y=,qzeUKDl82Ax0ZomxHL4LjitTvjo=
-25,-16,4FNA7PepPZmU2tWrvUWwAg6fM8Y=,qzeUKDl82Ax0ZomxHL4LjitTvjo=
-19,-14,4FNA7PepPZmU2tWrvUWwAg6fM8Y=,EETYq60GqA4KwM56uo001E0HBcY=
-17,-12,4FNA7PepPZmU2tWrvUWwAg6fM8Y=,EETYq60GqA4KwM56uo001E0HBcY=
-17,-14,4FNA7PepPZmU2tWrvUWwAg6fM8Y=,EETYq60GqA4KwM56uo001E0HBcY=
-25,-15,4FNA7PepPZmU2tWrvUWwAg6fM8Y=,qzeUKDl82Ax0ZomxHL4LjitTvjo=
-24,-11,4FNA7PepPZmU2tWrvUWwAg6fM8Y=,EETYq60GqA4KwM56uo001E0HBcY=
-20,-14,4FNA7PepPZmU2tWrvUWwAg6fM8Y=,EETYq60GqA4KwM56uo001E0HBcY=
-32,-4,4FNA7PepPZmU2tWrvUWwAg6fM8Y=,x8mMQE8Nl4E64GNIfxS0BFwvcXg=
-32,-3,4FNA7PepPZmU2tWrvUWwAg6fM8Y=,x8mMQE8Nl4E64GNIfxS0BFwvcXg=
-32,-2,4FNA7PepPZmU2tWrvUWwAg6fM8Y=,x8mMQE8Nl4E64GNIfxS0BFwvcXg=
-32,-7,4FNA7PepPZmU2tWrvUWwAg6fM8Y=,x8mMQE8Nl4E64GNIfxS0BFwvcXg=
-32,-6,4FNA7PepPZmU2tWrvUWwAg6fM8Y=,x8mMQE8Nl4E64GNIfxS0BFwvcXg=
-32,-5,4FNA7PepPZmU2tWrvUWwAg6fM8Y=,x8mMQE8Nl4E64GNIfxS0BFwvcXg=
-32,-1,4FNA7PepPZmU2tWrvUWwAg6fM8Y=,x8mMQE8Nl4E64GNIfxS0BFwvcXg=
-23,-11,4FNA7PepPZmU2tWrvUWwAg6fM8Y=,EETYq60GqA4KwM56uo001E0HBcY=
-25,-12,4FNA7PepPZmU2tWrvUWwAg6fM8Y=,qzeUKDl82Ax0ZomxHL4LjitTvjo=
-21,-14,4FNA7PepPZmU2tWrvUWwAg6fM8Y=,EETYq60GqA4KwM56uo001E0HBcY=
-22,-11,4FNA7PepPZmU2tWrvUWwAg6fM8Y=,EETYq60GqA4KwM56uo001E0HBcY=
-25,-13,4FNA7PepPZmU2tWrvUWwAg6fM8Y=,qzeUKDl82Ax0ZomxHL4LjitTvjo=
-22,-14,4FNA7PepPZmU2tWrvUWwAg6fM8Y=,EETYq60GqA4KwM56uo001E0HBcY=
-21,-11,4FNA7PepPZmU2tWrvUWwAg6fM8Y=,EETYq60GqA4KwM56uo001E0HBcY=
-17,-10,4FNA7PepPZmU2tWrvUWwAg6fM8Y=,EETYq60GqA4KwM56uo001E0HBcY=
-20,-11,4FNA7PepPZmU2tWrvUWwAg6fM8Y=,EETYq60GqA4KwM56uo001E0HBcY=
-21,-13,4FNA7PepPZmU2tWrvUWwAg6fM8Y=,EETYq60GqA4KwM56uo001E0HBcY=
-23,-14,4FNA7PepPZmU2tWrvUWwAg6fM8Y=,EETYq60GqA4KwM56uo001E0HBcY=
-19,-11,4FNA7PepPZmU2tWrvUWwAg6fM8Y=,EETYq60GqA4KwM56uo001E0HBcY=
-18,-11,4FNA7PepPZmU2tWrvUWwAg6fM8Y=,EETYq60GqA4KwM56uo001E0HBcY=
-18,-10,4FNA7PepPZmU2tWrvUWwAg6fM8Y=,EETYq60GqA4KwM56uo001E0HBcY=
-24,-14,4FNA7PepPZmU2tWrvUWwAg6fM8Y=,EETYq60GqA4KwM56uo001E0HBcY=
-17,-15,4FNA7PepPZmU2tWrvUWwAg6fM8Y=,EETYq60GqA4KwM56uo001E0HBcY=
-24,-13,4FNA7PepPZmU2tWrvUWwAg6fM8Y=,EETYq60GqA4KwM56uo001E0HBcY=
-17,-11,4FNA7PepPZmU2tWrvUWwAg6fM8Y=,EETYq60GqA4KwM56uo001E0HBcY=
-24,-10,4FNA7PepPZmU2tWrvUWwAg6fM8Y=,EETYq60GqA4KwM56uo001E0HBcY=
-23,-10,4FNA7PepPZmU2tWrvUWwAg6fM8Y=,EETYq60GqA4KwM56uo001E0HBcY=
-24,-16,4FNA7PepPZmU2tWrvUWwAg6fM8Y=,EETYq60GqA4KwM56uo001E0HBcY=
-25,-14,4FNA7PepPZmU2tWrvUWwAg6fM8Y=,qzeUKDl82Ax0ZomxHL4LjitTvjo=
-18,-15,4FNA7PepPZmU2tWrvUWwAg6fM8Y=,EETYq60GqA4KwM56uo001E0HBcY=
-19,-15,4FNA7PepPZmU2tWrvUWwAg6fM8Y=,EETYq60GqA4KwM56uo001E0HBcY=
-22,-10,4FNA7PepPZmU2tWrvUWwAg6fM8Y=,EETYq60GqA4KwM56uo001E0HBcY=
-23,-16,4FNA7PepPZmU2tWrvUWwAg6fM8Y=,EETYq60GqA4KwM56uo001E0HBcY=
-22,-16,4FNA7PepPZmU2tWrvUWwAg6fM8Y=,EETYq60GqA4KwM56uo001E0HBcY=
-21,-16,4FNA7PepPZmU2tWrvUWwAg6fM8Y=,EETYq60GqA4KwM56uo001E0HBcY=
-20,-16,4FNA7PepPZmU2tWrvUWwAg6fM8Y=,EETYq60GqA4KwM56uo001E0HBcY=
-19,-10,4FNA7PepPZmU2tWrvUWwAg6fM8Y=,EETYq60GqA4KwM56uo001E0HBcY=
-20,-15,4FNA7PepPZmU2tWrvUWwAg6fM8Y=,EETYq60GqA4KwM56uo001E0HBcY=
-19,-16,4FNA7PepPZmU2tWrvUWwAg6fM8Y=,EETYq60GqA4KwM56uo001E0HBcY=
-32,-10,4FNA7PepPZmU2tWrvUWwAg6fM8Y=,qzeUKDl82Ax0ZomxHL4LjitTvjo=
-32,-16,4FNA7PepPZmU2tWrvUWwAg6fM8Y=,qzeUKDl82Ax0ZomxHL4LjitTvjo=
-21,-10,4FNA7PepPZmU2tWrvUWwAg6fM8Y=,EETYq60GqA4KwM56uo001E0HBcY=
-18,-16,4FNA7PepPZmU2tWrvUWwAg6fM8Y=,EETYq60GqA4KwM56uo001E0HBcY=
-32,-15,4FNA7PepPZmU2tWrvUWwAg6fM8Y=,qzeUKDl82Ax0ZomxHL4LjitTvjo=
-23,-13,4FNA7PepPZmU2tWrvUWwAg6fM8Y=,EETYq60GqA4KwM56uo001E0HBcY=
-32,-9,4FNA7PepPZmU2tWrvUWwAg6fM8Y=,qzeUKDl82Ax0ZomxHL4LjitTvjo=
-17,-16,4FNA7PepPZmU2tWrvUWwAg6fM8Y=,EETYq60GqA4KwM56uo001E0HBcY=
-24,-15,4FNA7PepPZmU2tWrvUWwAg6fM8Y=,EETYq60GqA4KwM56uo001E0HBcY=
-23,-15,4FNA7PepPZmU2tWrvUWwAg6fM8Y=,EETYq60GqA4KwM56uo001E0HBcY=
-20,-10,4FNA7PepPZmU2tWrvUWwAg6fM8Y=,EETYq60GqA4KwM56uo001E0HBcY=
-22,-13,4FNA7PepPZmU2tWrvUWwAg6fM8Y=,EETYq60GqA4KwM56uo001E0HBcY=
-22,-15,4FNA7PepPZmU2tWrvUWwAg6fM8Y=,EETYq60GqA4KwM56uo001E0HBcY=
-32,-14,4FNA7PepPZmU2tWrvUWwAg6fM8Y=,qzeUKDl82Ax0ZomxHL4LjitTvjo=
-21,-15,4FNA7PepPZmU2tWrvUWwAg6fM8Y=,EETYq60GqA4KwM56uo001E0HBcY=
-32,-11,4FNA7PepPZmU2tWrvUWwAg6fM8Y=,qzeUKDl82Ax0ZomxHL4LjitTvjo=
-32,-12,4FNA7PepPZmU2tWrvUWwAg6fM8Y=,qzeUKDl82Ax0ZomxHL4LjitTvjo=
-32,-8,4FNA7PepPZmU2tWrvUWwAg6fM8Y=,x8mMQE8Nl4E64GNIfxS0BFwvcXg=
-32,-13,4FNA7PepPZmU2tWrvUWwAg6fM8Y=,qzeUKDl82Ax0ZomxHL4LjitTvjo=
-24,-5,4FNA7PepPZmU2tWrvUWwAg6fM8Y=,/hoEE5AZ8F23d2YmMHuivLe9YAs=
-23,-5,4FNA7PepPZmU2tWrvUWwAg6fM8Y=,/hoEE5AZ8F23d2YmMHuivLe9YAs=
-25,-1,4FNA7PepPZmU2tWrvUWwAg6fM8Y=,x8mMQE8Nl4E64GNIfxS0BFwvcXg=
-19,-5,4FNA7PepPZmU2tWrvUWwAg6fM8Y=,/hoEE5AZ8F23d2YmMHuivLe9YAs=
-22,-5,4FNA7PepPZmU2tWrvUWwAg6fM8Y=,/hoEE5AZ8F23d2YmMHuivLe9YAs=
-18,-5,4FNA7PepPZmU2tWrvUWwAg6fM8Y=,/hoEE5AZ8F23d2YmMHuivLe9YAs=
-17,-9,4FNA7PepPZmU2tWrvUWwAg6fM8Y=,EETYq60GqA4KwM56uo001E0HBcY=
-24,-8,4FNA7PepPZmU2tWrvUWwAg6fM8Y=,/hoEE5AZ8F23d2YmMHuivLe9YAs=
-17,-6,4FNA7PepPZmU2tWrvUWwAg6fM8Y=,/hoEE5AZ8F23d2YmMHuivLe9YAs=
-23,-8,4FNA7PepPZmU2tWrvUWwAg6fM8Y=,/hoEE5AZ8F23d2YmMHuivLe9YAs=
-18,-8,4FNA7PepPZmU2tWrvUWwAg6fM8Y=,/hoEE5AZ8F23d2YmMHuivLe9YAs=
-18,-9,4FNA7PepPZmU2tWrvUWwAg6fM8Y=,EETYq60GqA4KwM56uo001E0HBcY=
-19,-9,4FNA7PepPZmU2tWrvUWwAg6fM8Y=,EETYq60GqA4KwM56uo001E0HBcY=
-19,-8,4FNA7PepPZmU2tWrvUWwAg6fM8Y=,/hoEE5AZ8F23d2YmMHuivLe9YAs=
-17,-8,4FNA7PepPZmU2tWrvUWwAg6fM8Y=,/hoEE5AZ8F23d2YmMHuivLe9YAs=
-20,-9,4FNA7PepPZmU2tWrvUWwAg6fM8Y=,EETYq60GqA4KwM56uo001E0HBcY=
-24,-7,4FNA7PepPZmU2tWrvUWwAg6fM8Y=,/hoEE5AZ8F23d2YmMHuivLe9YAs=
-21,-3,4FNA7PepPZmU2tWrvUWwAg6fM8Y=,/hoEE5AZ8F23d2YmMHuivLe9YAs=
-21,-9,4FNA7PepPZmU2tWrvUWwAg6fM8Y=,EETYq60GqA4KwM56uo001E0HBcY=
-17,-5,4FNA7PepPZmU2tWrvUWwAg6fM8Y=,/hoEE5AZ8F23d2YmMHuivLe9YAs=
-18,-6,4FNA7PepPZmU2tWrvUWwAg6fM8Y=,/hoEE5AZ8F23d2YmMHuivLe9YAs=
-25,-6,4FNA7PepPZmU2tWrvUWwAg6fM8Y=,x8mMQE8Nl4E64GNIfxS0BFwvcXg=
-22,-9,4FNA7PepPZmU2tWrvUWwAg6fM8Y=,EETYq60GqA4KwM56uo001E0HBcY=
-23,-9,4FNA7PepPZmU2tWrvUWwAg6fM8Y=,EETYq60GqA4KwM56uo001E0HBcY=
-24,-9,4FNA7PepPZmU2tWrvUWwAg6fM8Y=,EETYq60GqA4KwM56uo001E0HBcY=
-23,-7,4FNA7PepPZmU2tWrvUWwAg6fM8Y=,/hoEE5AZ8F23d2YmMHuivLe9YAs=
-22,-3,4FNA7PepPZmU2tWrvUWwAg6fM8Y=,/hoEE5AZ8F23d2YmMHuivLe9YAs=
-22,-7,4FNA7PepPZmU2tWrvUWwAg6fM8Y=,/hoEE5AZ8F23d2YmMHuivLe9YAs=
-21,-7,4FNA7PepPZmU2tWrvUWwAg6fM8Y=,/hoEE5AZ8F23d2YmMHuivLe9YAs=
-20,-7,4FNA7PepPZmU2tWrvUWwAg6fM8Y=,/hoEE5AZ8F23d2YmMHuivLe9YAs=
-22,-8,4FNA7PepPZmU2tWrvUWwAg6fM8Y=,/hoEE5AZ8F23d2YmMHuivLe9YAs=
-24,-4,4FNA7PepPZmU2tWrvUWwAg6fM8Y=,/hoEE5AZ8F23d2YmMHuivLe9YAs=
-23,-6,4FNA7PepPZmU2tWrvUWwAg6fM8Y=,/hoEE5AZ8F23d2YmMHuivLe9YAs=
-20,-5,4FNA7PepPZmU2tWrvUWwAg6fM8Y=,/hoEE5AZ8F23d2YmMHuivLe9YAs=
-25,-2,4FNA7PepPZmU2tWrvUWwAg6fM8Y=,x8mMQE8Nl4E64GNIfxS0BFwvcXg=
-20,-3,4FNA7PepPZmU2tWrvUWwAg6fM8Y=,/hoEE5AZ8F23d2YmMHuivLe9YAs=
-21,-5,4FNA7PepPZmU2tWrvUWwAg6fM8Y=,/hoEE5AZ8F23d2YmMHuivLe9YAs=
-23,-3,4FNA7PepPZmU2tWrvUWwAg6fM8Y=,/hoEE5AZ8F23d2YmMHuivLe9YAs=
-20,-8,4FNA7PepPZmU2tWrvUWwAg6fM8Y=,/hoEE5AZ8F23d2YmMHuivLe9YAs=
-24,-6,4FNA7PepPZmU2tWrvUWwAg6fM8Y=,/hoEE5AZ8F23d2YmMHuivLe9YAs=
-24,-3,4FNA7PepPZmU2tWrvUWwAg6fM8Y=,/hoEE5AZ8F23d2YmMHuivLe9YAs=
-19,-3,4FNA7PepPZmU2tWrvUWwAg6fM8Y=,/hoEE5AZ8F23d2YmMHuivLe9YAs=
-25,-3,4FNA7PepPZmU2tWrvUWwAg6fM8Y=,x8mMQE8Nl4E64GNIfxS0BFwvcXg=
-25,-7,4FNA7PepPZmU2tWrvUWwAg6fM8Y=,x8mMQE8Nl4E64GNIfxS0BFwvcXg=
-19,-6,4FNA7PepPZmU2tWrvUWwAg6fM8Y=,/hoEE5AZ8F23d2YmMHuivLe9YAs=
-18,-3,4FNA7PepPZmU2tWrvUWwAg6fM8Y=,/hoEE5AZ8F23d2YmMHuivLe9YAs=
-17,-3,4FNA7PepPZmU2tWrvUWwAg6fM8Y=,/hoEE5AZ8F23d2YmMHuivLe9YAs=
-17,-7,4FNA7PepPZmU2tWrvUWwAg6fM8Y=,/hoEE5AZ8F23d2YmMHuivLe9YAs=
-17,-4,4FNA7PepPZmU2tWrvUWwAg6fM8Y=,/hoEE5AZ8F23d2YmMHuivLe9YAs=
-24,-2,4FNA7PepPZmU2tWrvUWwAg6fM8Y=,/hoEE5AZ8F23d2YmMHuivLe9YAs=
-17,-1,4FNA7PepPZmU2tWrvUWwAg6fM8Y=,/hoEE5AZ8F23d2YmMHuivLe9YAs=
-25,-8,4FNA7PepPZmU2tWrvUWwAg6fM8Y=,x8mMQE8Nl4E64GNIfxS0BFwvcXg=
-23,-2,4FNA7PepPZmU2tWrvUWwAg6fM8Y=,/hoEE5AZ8F23d2YmMHuivLe9YAs=
-23,-4,4FNA7PepPZmU2tWrvUWwAg6fM8Y=,/hoEE5AZ8F23d2YmMHuivLe9YAs=
-18,-1,4FNA7PepPZmU2tWrvUWwAg6fM8Y=,/hoEE5AZ8F23d2YmMHuivLe9YAs=
-22,-2,4FNA7PepPZmU2tWrvUWwAg6fM8Y=,/hoEE5AZ8F23d2YmMHuivLe9YAs=
-19,-1,4FNA7PepPZmU2tWrvUWwAg6fM8Y=,/hoEE5AZ8F23d2YmMHuivLe9YAs=
-21,-8,4FNA7PepPZmU2tWrvUWwAg6fM8Y=,/hoEE5AZ8F23d2YmMHuivLe9YAs=
-22,-4,4FNA7PepPZmU2tWrvUWwAg6fM8Y=,/hoEE5AZ8F23d2YmMHuivLe9YAs=
-20,-6,4FNA7PepPZmU2tWrvUWwAg6fM8Y=,/hoEE5AZ8F23d2YmMHuivLe9YAs=
-19,-7,4FNA7PepPZmU2tWrvUWwAg6fM8Y=,/hoEE5AZ8F23d2YmMHuivLe9YAs=
-21,-2,4FNA7PepPZmU2tWrvUWwAg6fM8Y=,/hoEE5AZ8F23d2YmMHuivLe9YAs=
-20,-1,4FNA7PepPZmU2tWrvUWwAg6fM8Y=,/hoEE5AZ8F23d2YmMHuivLe9YAs=
-20,-2,4FNA7PepPZmU2tWrvUWwAg6fM8Y=,/hoEE5AZ8F23d2YmMHuivLe9YAs=
-21,-1,4FNA7PepPZmU2tWrvUWwAg6fM8Y=,/hoEE5AZ8F23d2YmMHuivLe9YAs=
-25,-9,4FNA7PepPZmU2tWrvUWwAg6fM8Y=,qzeUKDl82Ax0ZomxHL4LjitTvjo=
-25,-4,4FNA7PepPZmU2tWrvUWwAg6fM8Y=,x8mMQE8Nl4E64GNIfxS0BFwvcXg=
-18,-7,4FNA7PepPZmU2tWrvUWwAg6fM8Y=,/hoEE5AZ8F23d2YmMHuivLe9YAs=
-18,-4,4FNA7PepPZmU2tWrvUWwAg6fM8Y=,/hoEE5AZ8F23d2YmMHuivLe9YAs=
-19,-4,4FNA7PepPZmU2tWrvUWwAg6fM8Y=,/hoEE5AZ8F23d2YmMHuivLe9YAs=
-21,-6,4FNA7PepPZmU2tWrvUWwAg6fM8Y=,/hoEE5AZ8F23d2YmMHuivLe9YAs=
-19,-2,4FNA7PepPZmU2tWrvUWwAg6fM8Y=,/hoEE5AZ8F23d2YmMHuivLe9YAs=
-18,-2,4FNA7PepPZmU2tWrvUWwAg6fM8Y=,/hoEE5AZ8F23d2YmMHuivLe9YAs=
-25,-5,4FNA7PepPZmU2tWrvUWwAg6fM8Y=,x8mMQE8Nl4E64GNIfxS0BFwvcXg=
-20,-4,4FNA7PepPZmU2tWrvUWwAg6fM8Y=,/hoEE5AZ8F23d2YmMHuivLe9YAs=
-23,-1,4FNA7PepPZmU2tWrvUWwAg6fM8Y=,/hoEE5AZ8F23d2YmMHuivLe9YAs=
-21,-4,4FNA7PepPZmU2tWrvUWwAg6fM8Y=,/hoEE5AZ8F23d2YmMHuivLe9YAs=
-22,-1,4FNA7PepPZmU2tWrvUWwAg6fM8Y=,/hoEE5AZ8F23d2YmMHuivLe9YAs=
-17,-2,4FNA7PepPZmU2tWrvUWwAg6fM8Y=,/hoEE5AZ8F23d2YmMHuivLe9YAs=
-24,-1,4FNA7PepPZmU2tWrvUWwAg6fM8Y=,/hoEE5AZ8F23d2YmMHuivLe9YAs=
-22,-6,4FNA7PepPZmU2tWrvUWwAg6fM8Y=,/hoEE5AZ8F23d2YmMHuivLe9YAs=
-12,-11,NiSbCS2j39b4AZFROdTnZ3lzf40=,FYBSpLezhi8+QoS7gva2ZCM0B5g=
-13,-11,NiSbCS2j39b4AZFROdTnZ3lzf40=,FYBSpLezhi8+QoS7gva2ZCM0B5g=
-11,-11,NiSbCS2j39b4AZFROdTnZ3lzf40=,FYBSpLezhi8+QoS7gva2ZCM0B5g=
-14,-11,NiSbCS2j39b4AZFROdTnZ3lzf40=,FYBSpLezhi8+QoS7gva2ZCM0B5g=
-10,-11,NiSbCS2j39b4AZFROdTnZ3lzf40=,FYBSpLezhi8+QoS7gva2ZCM0B5g=
-15,-15,NiSbCS2j39b4AZFROdTnZ3lzf40=,FYBSpLezhi8+QoS7gva2ZCM0B5g=
-14,-15,NiSbCS2j39b4AZFROdTnZ3lzf40=,FYBSpLezhi8+QoS7gva2ZCM0B5g=
-13,-15,NiSbCS2j39b4AZFROdTnZ3lzf40=,FYBSpLezhi8+QoS7gva2ZCM0B5g=
-12,-15,NiSbCS2j39b4AZFROdTnZ3lzf40=,FYBSpLezhi8+QoS7gva2ZCM0B5g=
-11,-15,NiSbCS2j39b4AZFROdTnZ3lzf40=,FYBSpLezhi8+QoS7gva2ZCM0B5g=
-10,-15,NiSbCS2j39b4AZFROdTnZ3lzf40=,FYBSpLezhi8+QoS7gva2ZCM0B5g=
-15,-11,NiSbCS2j39b4AZFROdTnZ3lzf40=,FYBSpLezhi8+QoS7gva2ZCM0B5g=
-15,-10,NiSbCS2j39b4AZFROdTnZ3lzf40=,FYBSpLezhi8+QoS7gva2ZCM0B5g=
-14,-10,NiSbCS2j39b4AZFROdTnZ3lzf40=,FYBSpLezhi8+QoS7gva2ZCM0B5g=
-13,-10,NiSbCS2j39b4AZFROdTnZ3lzf40=,FYBSpLezhi8+QoS7gva2ZCM0B5g=
-12,-10,NiSbCS2j39b4AZFROdTnZ3lzf40=,FYBSpLezhi8+QoS7gva2ZCM0B5g=
-15,-14,NiSbCS2j39b4AZFROdTnZ3lzf40=,FYBSpLezhi8+QoS7gva2ZCM0B5g=
-14,-14,NiSbCS2j39b4AZFROdTnZ3lzf40=,FYBSpLezhi8+QoS7gva2ZCM0B5g=
-11,-10,NiSbCS2j39b4AZFROdTnZ3lzf40=,FYBSpLezhi8+QoS7gva2ZCM0B5g=
-10,-10,NiSbCS2j39b4AZFROdTnZ3lzf40=,FYBSpLezhi8+QoS7gva2ZCM0B5g=
-13,-14,NiSbCS2j39b4AZFROdTnZ3lzf40=,FYBSpLezhi8+QoS7gva2ZCM0B5g=
-12,-14,NiSbCS2j39b4AZFROdTnZ3lzf40=,FYBSpLezhi8+QoS7gva2ZCM0B5g=
-11,-14,NiSbCS2j39b4AZFROdTnZ3lzf40=,FYBSpLezhi8+QoS7gva2ZCM0B5g=
-10,-14,NiSbCS2j39b4AZFROdTnZ3lzf40=,FYBSpLezhi8+QoS7gva2ZCM0B5g=
-15,-13,NiSbCS2j39b4AZFROdTnZ3lzf40=,FYBSpLezhi8+QoS7gva2ZCM0B5g=
-14,-13,NiSbCS2j39b4AZFROdTnZ3lzf40=,FYBSpLezhi8+QoS7gva2ZCM0B5g=
-13,-13,NiSbCS2j39b4AZFROdTnZ3lzf40=,FYBSpLezhi8+QoS7gva2ZCM0B5g=
-12,-13,NiSbCS2j39b4AZFROdTnZ3lzf40=,FYBSpLezhi8+QoS7gva2ZCM0B5g=
-11,-13,NiSbCS2j39b4AZFROdTnZ3lzf40=,FYBSpLezhi8+QoS7gva2ZCM0B5g=
-10,-13,NiSbCS2j39b4AZFROdTnZ3lzf40=,FYBSpLezhi8+QoS7gva2ZCM0B5g=
-15,-12,NiSbCS2j39b4AZFROdTnZ3lzf40=,FYBSpLezhi8+QoS7gva2ZCM0B5g=
-14,-12,NiSbCS2j39b4AZFROdTnZ3lzf40=,FYBSpLezhi8+QoS7gva2ZCM0B5g=
-13,-12,NiSbCS2j39b4AZFROdTnZ3lzf40=,FYBSpLezhi8+QoS7gva2ZCM0B5g=
-12,-12,NiSbCS2j39b4AZFROdTnZ3lzf40=,FYBSpLezhi8+QoS7gva2ZCM0B5g=
-11,-12,NiSbCS2j39b4AZFROdTnZ3lzf40=,FYBSpLezhi8+QoS7gva2ZCM0B5g=
-10,-12,NiSbCS2j39b4AZFROdTnZ3lzf40=,FYBSpLezhi8+QoS7gva2ZCM0B5g=
-16,-15,NiSbCS2j39b4AZFROdTnZ3lzf40=,FYBSpLezhi8+QoS7gva2ZCM0B5g=
-16,-10,NiSbCS2j39b4AZFROdTnZ3lzf40=,FYBSpLezhi8+QoS7gva2ZCM0B5g=
-16,-14,NiSbCS2j39b4AZFROdTnZ3lzf40=,FYBSpLezhi8+QoS7gva2ZCM0B5g=
-16,-13,NiSbCS2j39b4AZFROdTnZ3lzf40=,FYBSpLezhi8+QoS7gva2ZCM0B5g=
-16,-12,NiSbCS2j39b4AZFROdTnZ3lzf40=,FYBSpLezhi8+QoS7gva2ZCM0B5g=
-16,-11,NiSbCS2j39b4AZFROdTnZ3lzf40=,FYBSpLezhi8+QoS7gva2ZCM0B5g=
-15,-16,NiSbCS2j39b4AZFROdTnZ3lzf40=,FYBSpLezhi8+QoS7gva2ZCM0B5g=
-10,-16,NiSbCS2j39b4AZFROdTnZ3lzf40=,FYBSpLezhi8+QoS7gva2ZCM0B5g=
-11,-16,NiSbCS2j39b4AZFROdTnZ3lzf40=,FYBSpLezhi8+QoS7gva2ZCM0B5g=
-12,-16,NiSbCS2j39b4AZFROdTnZ3lzf40=,FYBSpLezhi8+QoS7gva2ZCM0B5g=
-13,-16,NiSbCS2j39b4AZFROdTnZ3lzf40=,FYBSpLezhi8+QoS7gva2ZCM0B5g=
-14,-16,NiSbCS2j39b4AZFROdTnZ3lzf40=,FYBSpLezhi8+QoS7gva2ZCM0B5g=
-16,-16,NiSbCS2j39b4AZFROdTnZ3lzf40=,FYBSpLezhi8+QoS7gva2ZCM0B5g=
-8,-16,NiSbCS2j39b4AZFROdTnZ3lzf40=,CoHVkkUYrRfUTwCpKKfPrXcTDio=
-7,-16,NiSbCS2j39b4AZFROdTnZ3lzf40=,CoHVkkUYrRfUTwCpKKfPrXcTDio=
-6,-16,NiSbCS2j39b4AZFROdTnZ3lzf40=,CoHVkkUYrRfUTwCpKKfPrXcTDio=
-5,-16,NiSbCS2j39b4AZFROdTnZ3lzf40=,CoHVkkUYrRfUTwCpKKfPrXcTDio=
-4,-16,NiSbCS2j39b4AZFROdTnZ3lzf40=,CoHVkkUYrRfUTwCpKKfPrXcTDio=
-1,-10,NiSbCS2j39b4AZFROdTnZ3lzf40=,CoHVkkUYrRfUTwCpKKfPrXcTDio=
-2,-10,NiSbCS2j39b4AZFROdTnZ3lzf40=,CoHVkkUYrRfUTwCpKKfPrXcTDio=
-3,-10,NiSbCS2j39b4AZFROdTnZ3lzf40=,CoHVkkUYrRfUTwCpKKfPrXcTDio=
-4,-10,NiSbCS2j39b4AZFROdTnZ3lzf40=,CoHVkkUYrRfUTwCpKKfPrXcTDio=
-5,-10,NiSbCS2j39b4AZFROdTnZ3lzf40=,CoHVkkUYrRfUTwCpKKfPrXcTDio=
-6,-10,NiSbCS2j39b4AZFROdTnZ3lzf40=,CoHVkkUYrRfUTwCpKKfPrXcTDio=
-7,-10,NiSbCS2j39b4AZFROdTnZ3lzf40=,CoHVkkUYrRfUTwCpKKfPrXcTDio=
-8,-10,NiSbCS2j39b4AZFROdTnZ3lzf40=,CoHVkkUYrRfUTwCpKKfPrXcTDio=
-3,-16,NiSbCS2j39b4AZFROdTnZ3lzf40=,CoHVkkUYrRfUTwCpKKfPrXcTDio=
-2,-16,NiSbCS2j39b4AZFROdTnZ3lzf40=,CoHVkkUYrRfUTwCpKKfPrXcTDio=
-1,-16,NiSbCS2j39b4AZFROdTnZ3lzf40=,CoHVkkUYrRfUTwCpKKfPrXcTDio=
-1,-11,NiSbCS2j39b4AZFROdTnZ3lzf40=,CoHVkkUYrRfUTwCpKKfPrXcTDio=
-8,-15,NiSbCS2j39b4AZFROdTnZ3lzf40=,CoHVkkUYrRfUTwCpKKfPrXcTDio=
-9,-12,NiSbCS2j39b4AZFROdTnZ3lzf40=,FYBSpLezhi8+QoS7gva2ZCM0B5g=
-7,-15,NiSbCS2j39b4AZFROdTnZ3lzf40=,CoHVkkUYrRfUTwCpKKfPrXcTDio=
-2,-11,NiSbCS2j39b4AZFROdTnZ3lzf40=,CoHVkkUYrRfUTwCpKKfPrXcTDio=
-3,-11,NiSbCS2j39b4AZFROdTnZ3lzf40=,CoHVkkUYrRfUTwCpKKfPrXcTDio=
-6,-15,NiSbCS2j39b4AZFROdTnZ3lzf40=,CoHVkkUYrRfUTwCpKKfPrXcTDio=
-5,-15,NiSbCS2j39b4AZFROdTnZ3lzf40=,CoHVkkUYrRfUTwCpKKfPrXcTDio=
-4,-15,NiSbCS2j39b4AZFROdTnZ3lzf40=,CoHVkkUYrRfUTwCpKKfPrXcTDio=
-9,-16,NiSbCS2j39b4AZFROdTnZ3lzf40=,FYBSpLezhi8+QoS7gva2ZCM0B5g=
-3,-15,NiSbCS2j39b4AZFROdTnZ3lzf40=,CoHVkkUYrRfUTwCpKKfPrXcTDio=
-2,-15,NiSbCS2j39b4AZFROdTnZ3lzf40=,CoHVkkUYrRfUTwCpKKfPrXcTDio=
-1,-15,NiSbCS2j39b4AZFROdTnZ3lzf40=,CoHVkkUYrRfUTwCpKKfPrXcTDio=
-8,-14,NiSbCS2j39b4AZFROdTnZ3lzf40=,CoHVkkUYrRfUTwCpKKfPrXcTDio=
-7,-14,NiSbCS2j39b4AZFROdTnZ3lzf40=,CoHVkkUYrRfUTwCpKKfPrXcTDio=
-6,-14,NiSbCS2j39b4AZFROdTnZ3lzf40=,CoHVkkUYrRfUTwCpKKfPrXcTDio=
-5,-14,NiSbCS2j39b4AZFROdTnZ3lzf40=,CoHVkkUYrRfUTwCpKKfPrXcTDio=
-4,-14,NiSbCS2j39b4AZFROdTnZ3lzf40=,CoHVkkUYrRfUTwCpKKfPrXcTDio=
-4,-11,NiSbCS2j39b4AZFROdTnZ3lzf40=,CoHVkkUYrRfUTwCpKKfPrXcTDio=
-3,-14,NiSbCS2j39b4AZFROdTnZ3lzf40=,CoHVkkUYrRfUTwCpKKfPrXcTDio=
-5,-11,NiSbCS2j39b4AZFROdTnZ3lzf40=,CoHVkkUYrRfUTwCpKKfPrXcTDio=
-2,-14,NiSbCS2j39b4AZFROdTnZ3lzf40=,CoHVkkUYrRfUTwCpKKfPrXcTDio=
-6,-11,NiSbCS2j39b4AZFROdTnZ3lzf40=,CoHVkkUYrRfUTwCpKKfPrXcTDio=
-1,-14,NiSbCS2j39b4AZFROdTnZ3lzf40=,CoHVkkUYrRfUTwCpKKfPrXcTDio=
-7,-11,NiSbCS2j39b4AZFROdTnZ3lzf40=,CoHVkkUYrRfUTwCpKKfPrXcTDio=
-8,-13,NiSbCS2j39b4AZFROdTnZ3lzf40=,CoHVkkUYrRfUTwCpKKfPrXcTDio=
-8,-11,NiSbCS2j39b4AZFROdTnZ3lzf40=,CoHVkkUYrRfUTwCpKKfPrXcTDio=
-9,-11,NiSbCS2j39b4AZFROdTnZ3lzf40=,FYBSpLezhi8+QoS7gva2ZCM0B5g=
-9,-15,NiSbCS2j39b4AZFROdTnZ3lzf40=,FYBSpLezhi8+QoS7gva2ZCM0B5g=
-1,-12,NiSbCS2j39b4AZFROdTnZ3lzf40=,CoHVkkUYrRfUTwCpKKfPrXcTDio=
-7,-13,NiSbCS2j39b4AZFROdTnZ3lzf40=,CoHVkkUYrRfUTwCpKKfPrXcTDio=
-6,-13,NiSbCS2j39b4AZFROdTnZ3lzf40=,CoHVkkUYrRfUTwCpKKfPrXcTDio=
-5,-13,NiSbCS2j39b4AZFROdTnZ3lzf40=,CoHVkkUYrRfUTwCpKKfPrXcTDio=
-4,-13,NiSbCS2j39b4AZFROdTnZ3lzf40=,CoHVkkUYrRfUTwCpKKfPrXcTDio=
-3,-13,NiSbCS2j39b4AZFROdTnZ3lzf40=,CoHVkkUYrRfUTwCpKKfPrXcTDio=
-2,-13,NiSbCS2j39b4AZFROdTnZ3lzf40=,CoHVkkUYrRfUTwCpKKfPrXcTDio=
-9,-13,NiSbCS2j39b4AZFROdTnZ3lzf40=,FYBSpLezhi8+QoS7gva2ZCM0B5g=
-1,-13,NiSbCS2j39b4AZFROdTnZ3lzf40=,CoHVkkUYrRfUTwCpKKfPrXcTDio=
-9,-14,NiSbCS2j39b4AZFROdTnZ3lzf40=,FYBSpLezhi8+QoS7gva2ZCM0B5g=
-8,-12,NiSbCS2j39b4AZFROdTnZ3lzf40=,CoHVkkUYrRfUTwCpKKfPrXcTDio=
-2,-12,NiSbCS2j39b4AZFROdTnZ3lzf40=,CoHVkkUYrRfUTwCpKKfPrXcTDio=
-7,-12,NiSbCS2j39b4AZFROdTnZ3lzf40=,CoHVkkUYrRfUTwCpKKfPrXcTDio=
-3,-12,NiSbCS2j39b4AZFROdTnZ3lzf40=,CoHVkkUYrRfUTwCpKKfPrXcTDio=
-6,-12,NiSbCS2j39b4AZFROdTnZ3lzf40=,CoHVkkUYrRfUTwCpKKfPrXcTDio=
-5,-12,NiSbCS2j39b4AZFROdTnZ3lzf40=,CoHVkkUYrRfUTwCpKKfPrXcTDio=
-9,-10,NiSbCS2j39b4AZFROdTnZ3lzf40=,FYBSpLezhi8+QoS7gva2ZCM0B5g=
-4,-12,NiSbCS2j39b4AZFROdTnZ3lzf40=,CoHVkkUYrRfUTwCpKKfPrXcTDio=
-12,-5,NiSbCS2j39b4AZFROdTnZ3lzf40=,k2H53TmDn/PPnEyUBnMdAPCSgMk=
-10,-1,NiSbCS2j39b4AZFROdTnZ3lzf40=,k2H53TmDn/PPnEyUBnMdAPCSgMk=
-13,-5,NiSbCS2j39b4AZFROdTnZ3lzf40=,k2H53TmDn/PPnEyUBnMdAPCSgMk=
-14,-5,NiSbCS2j39b4AZFROdTnZ3lzf40=,k2H53TmDn/PPnEyUBnMdAPCSgMk=
-15,-5,NiSbCS2j39b4AZFROdTnZ3lzf40=,k2H53TmDn/PPnEyUBnMdAPCSgMk=
-16,-5,NiSbCS2j39b4AZFROdTnZ3lzf40=,k2H53TmDn/PPnEyUBnMdAPCSgMk=
-11,-1,NiSbCS2j39b4AZFROdTnZ3lzf40=,k2H53TmDn/PPnEyUBnMdAPCSgMk=
-10,-6,NiSbCS2j39b4AZFROdTnZ3lzf40=,k2H53TmDn/PPnEyUBnMdAPCSgMk=
-11,-6,NiSbCS2j39b4AZFROdTnZ3lzf40=,k2H53TmDn/PPnEyUBnMdAPCSgMk=
-12,-6,NiSbCS2j39b4AZFROdTnZ3lzf40=,k2H53TmDn/PPnEyUBnMdAPCSgMk=
-13,-6,NiSbCS2j39b4AZFROdTnZ3lzf40=,k2H53TmDn/PPnEyUBnMdAPCSgMk=
-14,-6,NiSbCS2j39b4AZFROdTnZ3lzf40=,k2H53TmDn/PPnEyUBnMdAPCSgMk=
-12,-1,NiSbCS2j39b4AZFROdTnZ3lzf40=,k2H53TmDn/PPnEyUBnMdAPCSgMk=
-15,-6,NiSbCS2j39b4AZFROdTnZ3lzf40=,k2H53TmDn/PPnEyUBnMdAPCSgMk=
-13,-1,NiSbCS2j39b4AZFROdTnZ3lzf40=,k2H53TmDn/PPnEyUBnMdAPCSgMk=
-16,-6,NiSbCS2j39b4AZFROdTnZ3lzf40=,k2H53TmDn/PPnEyUBnMdAPCSgMk=
-10,-7,NiSbCS2j39b4AZFROdTnZ3lzf40=,k2H53TmDn/PPnEyUBnMdAPCSgMk=
-11,-7,NiSbCS2j39b4AZFROdTnZ3lzf40=,k2H53TmDn/PPnEyUBnMdAPCSgMk=
-14,-1,NiSbCS2j39b4AZFROdTnZ3lzf40=,k2H53TmDn/PPnEyUBnMdAPCSgMk=
-15,-1,NiSbCS2j39b4AZFROdTnZ3lzf40=,k2H53TmDn/PPnEyUBnMdAPCSgMk=
-16,-1,NiSbCS2j39b4AZFROdTnZ3lzf40=,k2H53TmDn/PPnEyUBnMdAPCSgMk=
-10,-2,NiSbCS2j39b4AZFROdTnZ3lzf40=,k2H53TmDn/PPnEyUBnMdAPCSgMk=
-11,-2,NiSbCS2j39b4AZFROdTnZ3lzf40=,k2H53TmDn/PPnEyUBnMdAPCSgMk=
-13,-2,NiSbCS2j39b4AZFROdTnZ3lzf40=,k2H53TmDn/PPnEyUBnMdAPCSgMk=
-12,-2,NiSbCS2j39b4AZFROdTnZ3lzf40=,k2H53TmDn/PPnEyUBnMdAPCSgMk=
-12,-7,NiSbCS2j39b4AZFROdTnZ3lzf40=,k2H53TmDn/PPnEyUBnMdAPCSgMk=
-13,-7,NiSbCS2j39b4AZFROdTnZ3lzf40=,k2H53TmDn/PPnEyUBnMdAPCSgMk=
-14,-2,NiSbCS2j39b4AZFROdTnZ3lzf40=,k2H53TmDn/PPnEyUBnMdAPCSgMk=
-15,-2,NiSbCS2j39b4AZFROdTnZ3lzf40=,k2H53TmDn/PPnEyUBnMdAPCSgMk=
-14,-7,NiSbCS2j39b4AZFROdTnZ3lzf40=,k2H53TmDn/PPnEyUBnMdAPCSgMk=
-15,-7,NiSbCS2j39b4AZFROdTnZ3lzf40=,k2H53TmDn/PPnEyUBnMdAPCSgMk=
-16,-7,d0NOsF2uyFF12GO/eiFJ8gaH6gc=,k2H53TmDn/PPnEyUBnMdAPCSgMk=
-16,-2,d0NOsF2uyFF12GO/eiFJ8gaH6gc=,k2H53TmDn/PPnEyUBnMdAPCSgMk=
-10,-3,d0NOsF2uyFF12GO/eiFJ8gaH6gc=,k2H53TmDn/PPnEyUBnMdAPCSgMk=
-11,-3,d0NOsF2uyFF12GO/eiFJ8gaH6gc=,k2H53TmDn/PPnEyUBnMdAPCSgMk=
-10,-8,d0NOsF2uyFF12GO/eiFJ8gaH6gc=,k2H53TmDn/PPnEyUBnMdAPCSgMk=
-11,-8,d0NOsF2uyFF12GO/eiFJ8gaH6gc=,k2H53TmDn/PPnEyUBnMdAPCSgMk=
-12,-8,d0NOsF2uyFF12GO/eiFJ8gaH6gc=,k2H53TmDn/PPnEyUBnMdAPCSgMk=
-14,-8,d0NOsF2uyFF12GO/eiFJ8gaH6gc=,k2H53TmDn/PPnEyUBnMdAPCSgMk=
-13,-8,d0NOsF2uyFF12GO/eiFJ8gaH6gc=,k2H53TmDn/PPnEyUBnMdAPCSgMk=
-15,-8,d0NOsF2uyFF12GO/eiFJ8gaH6gc=,k2H53TmDn/PPnEyUBnMdAPCSgMk=
-12,-3,d0NOsF2uyFF12GO/eiFJ8gaH6gc=,k2H53TmDn/PPnEyUBnMdAPCSgMk=
-16,-8,d0NOsF2uyFF12GO/eiFJ8gaH6gc=,k2H53TmDn/PPnEyUBnMdAPCSgMk=
-13,-3,d0NOsF2uyFF12GO/eiFJ8gaH6gc=,k2H53TmDn/PPnEyUBnMdAPCSgMk=
-10,-9,d0NOsF2uyFF12GO/eiFJ8gaH6gc=,FYBSpLezhi8+QoS7gva2ZCM0B5g=
-11,-9,d0NOsF2uyFF12GO/eiFJ8gaH6gc=,FYBSpLezhi8+QoS7gva2ZCM0B5g=
-12,-9,d0NOsF2uyFF12GO/eiFJ8gaH6gc=,FYBSpLezhi8+QoS7gva2ZCM0B5g=
-13,-9,d0NOsF2uyFF12GO/eiFJ8gaH6gc=,FYBSpLezhi8+QoS7gva2ZCM0B5g=
-4,-1,d0NOsF2uyFF12GO/eiFJ8gaH6gc=,f6VMvId6q+WTejIrthY9EOriHYY=
-14,-9,d0NOsF2uyFF12GO/eiFJ8gaH6gc=,FYBSpLezhi8+QoS7gva2ZCM0B5g=
-16,-9,d0NOsF2uyFF12GO/eiFJ8gaH6gc=,FYBSpLezhi8+QoS7gva2ZCM0B5g=
-15,-9,d0NOsF2uyFF12GO/eiFJ8gaH6gc=,FYBSpLezhi8+QoS7gva2ZCM0B5g=
-4,-9,d0NOsF2uyFF12GO/eiFJ8gaH6gc=,CoHVkkUYrRfUTwCpKKfPrXcTDio=
-3,-2,d0NOsF2uyFF12GO/eiFJ8gaH6gc=,f6VMvId6q+WTejIrthY9EOriHYY=
-9,-1,d0NOsF2uyFF12GO/eiFJ8gaH6gc=,k2H53TmDn/PPnEyUBnMdAPCSgMk=
-3,-9,d0NOsF2uyFF12GO/eiFJ8gaH6gc=,CoHVkkUYrRfUTwCpKKfPrXcTDio=
-14,-3,d0NOsF2uyFF12GO/eiFJ8gaH6gc=,k2H53TmDn/PPnEyUBnMdAPCSgMk=
-3,-1,d0NOsF2uyFF12GO/eiFJ8gaH6gc=,f6VMvId6q+WTejIrthY9EOriHYY=
-5,-9,d0NOsF2uyFF12GO/eiFJ8gaH6gc=,CoHVkkUYrRfUTwCpKKfPrXcTDio=
-15,-3,d0NOsF2uyFF12GO/eiFJ8gaH6gc=,k2H53TmDn/PPnEyUBnMdAPCSgMk=
-2,-9,d0NOsF2uyFF12GO/eiFJ8gaH6gc=,CoHVkkUYrRfUTwCpKKfPrXcTDio=
-16,-3,d0NOsF2uyFF12GO/eiFJ8gaH6gc=,k2H53TmDn/PPnEyUBnMdAPCSgMk=
-2,-1,d0NOsF2uyFF12GO/eiFJ8gaH6gc=,f6VMvId6q+WTejIrthY9EOriHYY=
-10,-4,d0NOsF2uyFF12GO/eiFJ8gaH6gc=,k2H53TmDn/PPnEyUBnMdAPCSgMk=
-6,-9,d0NOsF2uyFF12GO/eiFJ8gaH6gc=,CoHVkkUYrRfUTwCpKKfPrXcTDio=
-1,-9,d0NOsF2uyFF12GO/eiFJ8gaH6gc=,CoHVkkUYrRfUTwCpKKfPrXcTDio=
-7,-9,d0NOsF2uyFF12GO/eiFJ8gaH6gc=,CoHVkkUYrRfUTwCpKKfPrXcTDio=
-11,-4,d0NOsF2uyFF12GO/eiFJ8gaH6gc=,k2H53TmDn/PPnEyUBnMdAPCSgMk=
-1,-1,d0NOsF2uyFF12GO/eiFJ8gaH6gc=,f6VMvId6q+WTejIrthY9EOriHYY=
-12,-4,d0NOsF2uyFF12GO/eiFJ8gaH6gc=,k2H53TmDn/PPnEyUBnMdAPCSgMk=
-9,-6,d0NOsF2uyFF12GO/eiFJ8gaH6gc=,k2H53TmDn/PPnEyUBnMdAPCSgMk=
-4,-7,d0NOsF2uyFF12GO/eiFJ8gaH6gc=,f6VMvId6q+WTejIrthY9EOriHYY=
-13,-4,d0NOsF2uyFF12GO/eiFJ8gaH6gc=,k2H53TmDn/PPnEyUBnMdAPCSgMk=
-4,-2,d0NOsF2uyFF12GO/eiFJ8gaH6gc=,f6VMvId6q+WTejIrthY9EOriHYY=
-6,-4,d0NOsF2uyFF12GO/eiFJ8gaH6gc=,f6VMvId6q+WTejIrthY9EOriHYY=
-8,-9,d0NOsF2uyFF12GO/eiFJ8gaH6gc=,CoHVkkUYrRfUTwCpKKfPrXcTDio=
-14,-4,d0NOsF2uyFF12GO/eiFJ8gaH6gc=,k2H53TmDn/PPnEyUBnMdAPCSgMk=
-2,-2,d0NOsF2uyFF12GO/eiFJ8gaH6gc=,f6VMvId6q+WTejIrthY9EOriHYY=
-5,-6,d0NOsF2uyFF12GO/eiFJ8gaH6gc=,f6VMvId6q+WTejIrthY9EOriHYY=
-15,-4,d0NOsF2uyFF12GO/eiFJ8gaH6gc=,k2H53TmDn/PPnEyUBnMdAPCSgMk=
-9,-5,d0NOsF2uyFF12GO/eiFJ8gaH6gc=,k2H53TmDn/PPnEyUBnMdAPCSgMk=
-16,-4,d0NOsF2uyFF12GO/eiFJ8gaH6gc=,k2H53TmDn/PPnEyUBnMdAPCSgMk=
-10,-5,d0NOsF2uyFF12GO/eiFJ8gaH6gc=,k2H53TmDn/PPnEyUBnMdAPCSgMk=
-7,-8,d0NOsF2uyFF12GO/eiFJ8gaH6gc=,f6VMvId6q+WTejIrthY9EOriHYY=
-11,-5,d0NOsF2uyFF12GO/eiFJ8gaH6gc=,k2H53TmDn/PPnEyUBnMdAPCSgMk=
-5,-8,d0NOsF2uyFF12GO/eiFJ8gaH6gc=,f6VMvId6q+WTejIrthY9EOriHYY=
-3,-3,d0NOsF2uyFF12GO/eiFJ8gaH6gc=,f6VMvId6q+WTejIrthY9EOriHYY=
-3,-7,d0NOsF2uyFF12GO/eiFJ8gaH6gc=,f6VMvId6q+WTejIrthY9EOriHYY=
-4,-3,d0NOsF2uyFF12GO/eiFJ8gaH6gc=,f6VMvId6q+WTejIrthY9EOriHYY=
-5,-1,d0NOsF2uyFF12GO/eiFJ8gaH6gc=,f6VMvId6q+WTejIrthY9EOriHYY=
-2,-7,d0NOsF2uyFF12GO/eiFJ8gaH6gc=,f6VMvId6q+WTejIrthY9EOriHYY=
-9,-7,d0NOsF2uyFF12GO/eiFJ8gaH6gc=,k2H53TmDn/PPnEyUBnMdAPCSgMk=
-5,-4,d0NOsF2uyFF12GO/eiFJ8gaH6gc=,f6VMvId6q+WTejIrthY9EOriHYY=
-1,-2,d0NOsF2uyFF12GO/eiFJ8gaH6gc=,f6VMvId6q+WTejIrthY9EOriHYY=
-2,-3,d0NOsF2uyFF12GO/eiFJ8gaH6gc=,f6VMvId6q+WTejIrthY9EOriHYY=
-8,-8,d0NOsF2uyFF12GO/eiFJ8gaH6gc=,f6VMvId6q+WTejIrthY9EOriHYY=
-6,-1,d0NOsF2uyFF12GO/eiFJ8gaH6gc=,f6VMvId6q+WTejIrthY9EOriHYY=
-1,-7,d0NOsF2uyFF12GO/eiFJ8gaH6gc=,f6VMvId6q+WTejIrthY9EOriHYY=
-6,-3,d0NOsF2uyFF12GO/eiFJ8gaH6gc=,f6VMvId6q+WTejIrthY9EOriHYY=
-4,-8,d0NOsF2uyFF12GO/eiFJ8gaH6gc=,f6VMvId6q+WTejIrthY9EOriHYY=
-1,-4,d0NOsF2uyFF12GO/eiFJ8gaH6gc=,f6VMvId6q+WTejIrthY9EOriHYY=
-4,-4,d0NOsF2uyFF12GO/eiFJ8gaH6gc=,f6VMvId6q+WTejIrthY9EOriHYY=
-7,-3,d0NOsF2uyFF12GO/eiFJ8gaH6gc=,f6VMvId6q+WTejIrthY9EOriHYY=
-3,-8,d0NOsF2uyFF12GO/eiFJ8gaH6gc=,f6VMvId6q+WTejIrthY9EOriHYY=
-9,-2,d0NOsF2uyFF12GO/eiFJ8gaH6gc=,k2H53TmDn/PPnEyUBnMdAPCSgMk=
-2,-8,d0NOsF2uyFF12GO/eiFJ8gaH6gc=,f6VMvId6q+WTejIrthY9EOriHYY=
-8,-3,d0NOsF2uyFF12GO/eiFJ8gaH6gc=,f6VMvId6q+WTejIrthY9EOriHYY=
-9,-4,d0NOsF2uyFF12GO/eiFJ8gaH6gc=,k2H53TmDn/PPnEyUBnMdAPCSgMk=
-5,-3,d0NOsF2uyFF12GO/eiFJ8gaH6gc=,f6VMvId6q+WTejIrthY9EOriHYY=
-5,-7,d0NOsF2uyFF12GO/eiFJ8gaH6gc=,f6VMvId6q+WTejIrthY9EOriHYY=
-1,-8,d0NOsF2uyFF12GO/eiFJ8gaH6gc=,f6VMvId6q+WTejIrthY9EOriHYY=
-6,-2,d0NOsF2uyFF12GO/eiFJ8gaH6gc=,f6VMvId6q+WTejIrthY9EOriHYY=
-8,-7,d0NOsF2uyFF12GO/eiFJ8gaH6gc=,f6VMvId6q+WTejIrthY9EOriHYY=
-5,-2,d0NOsF2uyFF12GO/eiFJ8gaH6gc=,f6VMvId6q+WTejIrthY9EOriHYY=
-6,-6,d0NOsF2uyFF12GO/eiFJ8gaH6gc=,f6VMvId6q+WTejIrthY9EOriHYY=
-7,-6,d0NOsF2uyFF12GO/eiFJ8gaH6gc=,f6VMvId6q+WTejIrthY9EOriHYY=
-7,-1,d0NOsF2uyFF12GO/eiFJ8gaH6gc=,f6VMvId6q+WTejIrthY9EOriHYY=
-7,-7,d0NOsF2uyFF12GO/eiFJ8gaH6gc=,f6VMvId6q+WTejIrthY9EOriHYY=
-9,-3,d0NOsF2uyFF12GO/eiFJ8gaH6gc=,k2H53TmDn/PPnEyUBnMdAPCSgMk=
-9,-8,d0NOsF2uyFF12GO/eiFJ8gaH6gc=,k2H53TmDn/PPnEyUBnMdAPCSgMk=
-6,-7,d0NOsF2uyFF12GO/eiFJ8gaH6gc=,f6VMvId6q+WTejIrthY9EOriHYY=
-6,-8,d0NOsF2uyFF12GO/eiFJ8gaH6gc=,f6VMvId6q+WTejIrthY9EOriHYY=
-7,-4,d0NOsF2uyFF12GO/eiFJ8gaH6gc=,f6VMvId6q+WTejIrthY9EOriHYY=
-1,-3,d0NOsF2uyFF12GO/eiFJ8gaH6gc=,f6VMvId6q+WTejIrthY9EOriHYY=
-8,-4,d0NOsF2uyFF12GO/eiFJ8gaH6gc=,f6VMvId6q+WTejIrthY9EOriHYY=
-1,-5,d0NOsF2uyFF12GO/eiFJ8gaH6gc=,f6VMvId6q+WTejIrthY9EOriHYY=
-8,-6,d0NOsF2uyFF12GO/eiFJ8gaH6gc=,f6VMvId6q+WTejIrthY9EOriHYY=
-2,-5,d0NOsF2uyFF12GO/eiFJ8gaH6gc=,f6VMvId6q+WTejIrthY9EOriHYY=
-8,-1,d0NOsF2uyFF12GO/eiFJ8gaH6gc=,f6VMvId6q+WTejIrthY9EOriHYY=
-3,-5,d0NOsF2uyFF12GO/eiFJ8gaH6gc=,f6VMvId6q+WTejIrthY9EOriHYY=
-4,-5,d0NOsF2uyFF12GO/eiFJ8gaH6gc=,f6VMvId6q+WTejIrthY9EOriHYY=
-4,-6,d0NOsF2uyFF12GO/eiFJ8gaH6gc=,f6VMvId6q+WTejIrthY9EOriHYY=
-7,-2,d0NOsF2uyFF12GO/eiFJ8gaH6gc=,f6VMvId6q+WTejIrthY9EOriHYY=
-5,-5,d0NOsF2uyFF12GO/eiFJ8gaH6gc=,f6VMvId6q+WTejIrthY9EOriHYY=
-3,-6,d0NOsF2uyFF12GO/eiFJ8gaH6gc=,f6VMvId6q+WTejIrthY9EOriHYY=
-6,-5,d0NOsF2uyFF12GO/eiFJ8gaH6gc=,f6VMvId6q+WTejIrthY9EOriHYY=
-2,-4,d0NOsF2uyFF12GO/eiFJ8gaH6gc=,f6VMvId6q+WTejIrthY9EOriHYY=
-2,-6,d0NOsF2uyFF12GO/eiFJ8gaH6gc=,f6VMvId6q+WTejIrthY9EOriHYY=
-9,-9,d0NOsF2uyFF12GO/eiFJ8gaH6gc=,FYBSpLezhi8+QoS7gva2ZCM0B5g=
-8,-2,d0NOsF2uyFF12GO/eiFJ8gaH6gc=,f6VMvId6q+WTejIrthY9EOriHYY=
-1,-6,d0NOsF2uyFF12GO/eiFJ8gaH6gc=,f6VMvId6q+WTejIrthY9EOriHYY=
-8,-5,d0NOsF2uyFF12GO/eiFJ8gaH6gc=,f6VMvId6q+WTejIrthY9EOriHYY=
-7,-5,d0NOsF2uyFF12GO/eiFJ8gaH6gc=,f6VMvId6q+WTejIrthY9EOriHYY=
-3,-4,d0NOsF2uyFF12GO/eiFJ8gaH6gc=,f6VMvId6q+WTejIrthY9EOriHYY=
-12,-19,ogk0PUqkDqz8/AqU6ogIwnUB6i8=,30fo6+jO/NGjD/7eOd0SbF1L8Os=
-13,-24,ogk0PUqkDqz8/AqU6ogIwnUB6i8=,30fo6+jO/NGjD/7eOd0SbF1L8Os=
-9,-23,ogk0PUqkDqz8/AqU6ogIwnUB6i8=,30fo6+jO/NGjD/7eOd0SbF1L8Os=
-12,-20,ogk0PUqkDqz8/AqU6ogIwnUB6i8=,30fo6+jO/NGjD/7eOd0SbF1L8Os=
-11,-20,ogk0PUqkDqz8/AqU6ogIwnUB6i8=,30fo6+jO/NGjD/7eOd0SbF1L8Os=
-11,-21,ogk0PUqkDqz8/AqU6ogIwnUB6i8=,30fo6+jO/NGjD/7eOd0SbF1L8Os=
-10,-23,ogk0PUqkDqz8/AqU6ogIwnUB6i8=,30fo6+jO/NGjD/7eOd0SbF1L8Os=
-11,-23,ogk0PUqkDqz8/AqU6ogIwnUB6i8=,30fo6+jO/NGjD/7eOd0SbF1L8Os=
-12,-23,ogk0PUqkDqz8/AqU6ogIwnUB6i8=,30fo6+jO/NGjD/7eOd0SbF1L8Os=
-13,-23,ogk0PUqkDqz8/AqU6ogIwnUB6i8=,30fo6+jO/NGjD/7eOd0SbF1L8Os=
-14,-24,ogk0PUqkDqz8/AqU6ogIwnUB6i8=,30fo6+jO/NGjD/7eOd0SbF1L8Os=
-14,-23,ogk0PUqkDqz8/AqU6ogIwnUB6i8=,30fo6+jO/NGjD/7eOd0SbF1L8Os=
-9,-22,ogk0PUqkDqz8/AqU6ogIwnUB6i8=,30fo6+jO/NGjD/7eOd0SbF1L8Os=
-10,-22,ogk0PUqkDqz8/AqU6ogIwnUB6i8=,30fo6+jO/NGjD/7eOd0SbF1L8Os=
-13,-19,ogk0PUqkDqz8/AqU6ogIwnUB6i8=,30fo6+jO/NGjD/7eOd0SbF1L8Os=
-12,-21,ogk0PUqkDqz8/AqU6ogIwnUB6i8=,30fo6+jO/NGjD/7eOd0SbF1L8Os=
-14,-19,ogk0PUqkDqz8/AqU6ogIwnUB6i8=,30fo6+jO/NGjD/7eOd0SbF1L8Os=
-13,-20,ogk0PUqkDqz8/AqU6ogIwnUB6i8=,30fo6+jO/NGjD/7eOd0SbF1L8Os=
-15,-24,ogk0PUqkDqz8/AqU6ogIwnUB6i8=,30fo6+jO/NGjD/7eOd0SbF1L8Os=
-11,-22,ogk0PUqkDqz8/AqU6ogIwnUB6i8=,30fo6+jO/NGjD/7eOd0SbF1L8Os=
-15,-20,ogk0PUqkDqz8/AqU6ogIwnUB6i8=,30fo6+jO/NGjD/7eOd0SbF1L8Os=
-15,-23,ogk0PUqkDqz8/AqU6ogIwnUB6i8=,30fo6+jO/NGjD/7eOd0SbF1L8Os=
-13,-21,ogk0PUqkDqz8/AqU6ogIwnUB6i8=,30fo6+jO/NGjD/7eOd0SbF1L8Os=
-15,-19,ogk0PUqkDqz8/AqU6ogIwnUB6i8=,30fo6+jO/NGjD/7eOd0SbF1L8Os=
-9,-24,ogk0PUqkDqz8/AqU6ogIwnUB6i8=,30fo6+jO/NGjD/7eOd0SbF1L8Os=
-10,-24,ogk0PUqkDqz8/AqU6ogIwnUB6i8=,30fo6+jO/NGjD/7eOd0SbF1L8Os=
-10,-17,ogk0PUqkDqz8/AqU6ogIwnUB6i8=,30fo6+jO/NGjD/7eOd0SbF1L8Os=
-12,-22,ogk0PUqkDqz8/AqU6ogIwnUB6i8=,30fo6+jO/NGjD/7eOd0SbF1L8Os=
-9,-17,ogk0PUqkDqz8/AqU6ogIwnUB6i8=,30fo6+jO/NGjD/7eOd0SbF1L8Os=
-11,-17,ogk0PUqkDqz8/AqU6ogIwnUB6i8=,30fo6+jO/NGjD/7eOd0SbF1L8Os=
-14,-20,ogk0PUqkDqz8/AqU6ogIwnUB6i8=,30fo6+jO/NGjD/7eOd0SbF1L8Os=
-16,-23,ogk0PUqkDqz8/AqU6ogIwnUB6i8=,30fo6+jO/NGjD/7eOd0SbF1L8Os=
-12,-17,ogk0PUqkDqz8/AqU6ogIwnUB6i8=,30fo6+jO/NGjD/7eOd0SbF1L8Os=
-13,-17,ogk0PUqkDqz8/AqU6ogIwnUB6i8=,30fo6+jO/NGjD/7eOd0SbF1L8Os=
-16,-19,ogk0PUqkDqz8/AqU6ogIwnUB6i8=,30fo6+jO/NGjD/7eOd0SbF1L8Os=
-16,-20,ogk0PUqkDqz8/AqU6ogIwnUB6i8=,30fo6+jO/NGjD/7eOd0SbF1L8Os=
-14,-21,ogk0PUqkDqz8/AqU6ogIwnUB6i8=,30fo6+jO/NGjD/7eOd0SbF1L8Os=
-14,-17,ogk0PUqkDqz8/AqU6ogIwnUB6i8=,30fo6+jO/NGjD/7eOd0SbF1L8Os=
-13,-22,ogk0PUqkDqz8/AqU6ogIwnUB6i8=,30fo6+jO/NGjD/7eOd0SbF1L8Os=
-15,-17,ogk0PUqkDqz8/AqU6ogIwnUB6i8=,30fo6+jO/NGjD/7eOd0SbF1L8Os=
-9,-20,ogk0PUqkDqz8/AqU6ogIwnUB6i8=,30fo6+jO/NGjD/7eOd0SbF1L8Os=
-16,-24,ogk0PUqkDqz8/AqU6ogIwnUB6i8=,30fo6+jO/NGjD/7eOd0SbF1L8Os=
-9,-18,ogk0PUqkDqz8/AqU6ogIwnUB6i8=,30fo6+jO/NGjD/7eOd0SbF1L8Os=
-15,-21,ogk0PUqkDqz8/AqU6ogIwnUB6i8=,30fo6+jO/NGjD/7eOd0SbF1L8Os=
-14,-22,ogk0PUqkDqz8/AqU6ogIwnUB6i8=,30fo6+jO/NGjD/7eOd0SbF1L8Os=
-11,-24,ogk0PUqkDqz8/AqU6ogIwnUB6i8=,30fo6+jO/NGjD/7eOd0SbF1L8Os=
-11,-18,ogk0PUqkDqz8/AqU6ogIwnUB6i8=,30fo6+jO/NGjD/7eOd0SbF1L8Os=
-10,-18,ogk0PUqkDqz8/AqU6ogIwnUB6i8=,30fo6+jO/NGjD/7eOd0SbF1L8Os=
-9,-21,ogk0PUqkDqz8/AqU6ogIwnUB6i8=,30fo6+jO/NGjD/7eOd0SbF1L8Os=
-12,-18,ogk0PUqkDqz8/AqU6ogIwnUB6i8=,30fo6+jO/NGjD/7eOd0SbF1L8Os=
-13,-18,ogk0PUqkDqz8/AqU6ogIwnUB6i8=,30fo6+jO/NGjD/7eOd0SbF1L8Os=
-14,-18,ogk0PUqkDqz8/AqU6ogIwnUB6i8=,30fo6+jO/NGjD/7eOd0SbF1L8Os=
-16,-17,ogk0PUqkDqz8/AqU6ogIwnUB6i8=,30fo6+jO/NGjD/7eOd0SbF1L8Os=
-15,-18,ogk0PUqkDqz8/AqU6ogIwnUB6i8=,30fo6+jO/NGjD/7eOd0SbF1L8Os=
-9,-19,ogk0PUqkDqz8/AqU6ogIwnUB6i8=,30fo6+jO/NGjD/7eOd0SbF1L8Os=
-12,-24,ogk0PUqkDqz8/AqU6ogIwnUB6i8=,30fo6+jO/NGjD/7eOd0SbF1L8Os=
-16,-18,ogk0PUqkDqz8/AqU6ogIwnUB6i8=,30fo6+jO/NGjD/7eOd0SbF1L8Os=
-10,-20,ogk0PUqkDqz8/AqU6ogIwnUB6i8=,30fo6+jO/NGjD/7eOd0SbF1L8Os=
-10,-19,ogk0PUqkDqz8/AqU6ogIwnUB6i8=,30fo6+jO/NGjD/7eOd0SbF1L8Os=
-11,-19,ogk0PUqkDqz8/AqU6ogIwnUB6i8=,30fo6+jO/NGjD/7eOd0SbF1L8Os=
-16,-21,ogk0PUqkDqz8/AqU6ogIwnUB6i8=,30fo6+jO/NGjD/7eOd0SbF1L8Os=
-10,-21,ogk0PUqkDqz8/AqU6ogIwnUB6i8=,30fo6+jO/NGjD/7eOd0SbF1L8Os=
-15,-22,ogk0PUqkDqz8/AqU6ogIwnUB6i8=,30fo6+jO/NGjD/7eOd0SbF1L8Os=
-16,-22,ogk0PUqkDqz8/AqU6ogIwnUB6i8=,30fo6+jO/NGjD/7eOd0SbF1L8Os=
