-28,3,y6+zUeLCXSO4lV8Eb9NddESAPRE=,Vp5mY/CQosCSpmJrfYQqa0Nhiao=
-27,3,y6+zUeLCXSO4lV8Eb9NddESAPRE=,Vp5mY/CQosCSpmJrfYQqa0Nhiao=
-29,4,y6+zUeLCXSO4lV8Eb9NddESAPRE=,Vp5mY/CQosCSpmJrfYQqa0Nhiao=
-27,6,y6+zUeLCXSO4lV8Eb9NddESAPRE=,Vp5mY/CQosCSpmJrfYQqa0Nhiao=
-29,2,y6+zUeLCXSO4lV8Eb9NddESAPRE=,Vp5mY/CQosCSpmJrfYQqa0Nhiao=
-29,1,y6+zUeLCXSO4lV8Eb9NddESAPRE=,Vp5mY/CQosCSpmJrfYQqa0Nhiao=
-26,5,y6+zUeLCXSO4lV8Eb9NddESAPRE=,Vp5mY/CQosCSpmJrfYQqa0Nhiao=
-26,3,y6+zUeLCXSO4lV8Eb9NddESAPRE=,Vp5mY/CQosCSpmJrfYQqa0Nhiao=
-27,5,y6+zUeLCXSO4lV8Eb9NddESAPRE=,Vp5mY/CQosCSpmJrfYQqa0Nhiao=
-28,6,y6+zUeLCXSO4lV8Eb9NddESAPRE=,Vp5mY/CQosCSpmJrfYQqa0Nhiao=
-31,5,y6+zUeLCXSO4lV8Eb9NddESAPRE=,Vp5mY/CQosCSpmJrfYQqa0Nhiao=
-29,3,y6+zUeLCXSO4lV8Eb9NddESAPRE=,Vp5mY/CQosCSpmJrfYQqa0Nhiao=
-30,3,y6+zUeLCXSO4lV8Eb9NddESAPRE=,Vp5mY/CQosCSpmJrfYQqa0Nhiao=
-30,2,y6+zUeLCXSO4lV8Eb9NddESAPRE=,Vp5mY/CQosCSpmJrfYQqa0Nhiao=
-30,1,y6+zUeLCXSO4lV8Eb9NddESAPRE=,Vp5mY/CQosCSpmJrfYQqa0Nhiao=
-31,3,y6+zUeLCXSO4lV8Eb9NddESAPRE=,Vp5mY/CQosCSpmJrfYQqa0Nhiao=
-31,1,y6+zUeLCXSO4lV8Eb9NddESAPRE=,Vp5mY/CQosCSpmJrfYQqa0Nhiao=
-30,4,y6+zUeLCXSO4lV8Eb9NddESAPRE=,Vp5mY/CQosCSpmJrfYQqa0Nhiao=
-31,4,y6+zUeLCXSO4lV8Eb9NddESAPRE=,Vp5mY/CQosCSpmJrfYQqa0Nhiao=
-28,1,y6+zUeLCXSO4lV8Eb9NddESAPRE=,Vp5mY/CQosCSpmJrfYQqa0Nhiao=
-28,4,y6+zUeLCXSO4lV8Eb9NddESAPRE=,Vp5mY/CQosCSpmJrfYQqa0Nhiao=
-27,1,y6+zUeLCXSO4lV8Eb9NddESAPRE=,Vp5mY/CQosCSpmJrfYQqa0Nhiao=
-31,6,y6+zUeLCXSO4lV8Eb9NddESAPRE=,Vp5mY/CQosCSpmJrfYQqa0Nhiao=
-31,2,y6+zUeLCXSO4lV8Eb9NddESAPRE=,Vp5mY/CQosCSpmJrfYQqa0Nhiao=
-28,5,y6+zUeLCXSO4lV8Eb9NddESAPRE=,Vp5mY/CQosCSpmJrfYQqa0Nhiao=
-29,6,y6+zUeLCXSO4lV8Eb9NddESAPRE=,Vp5mY/CQosCSpmJrfYQqa0Nhiao=
-26,2,y6+zUeLCXSO4lV8Eb9NddESAPRE=,Vp5mY/CQosCSpmJrfYQqa0Nhiao=
-27,2,y6+zUeLCXSO4lV8Eb9NddESAPRE=,Vp5mY/CQosCSpmJrfYQqa0Nhiao=
-26,6,y6+zUeLCXSO4lV8Eb9NddESAPRE=,Vp5mY/CQosCSpmJrfYQqa0Nhiao=
-28,2,y6+zUeLCXSO4lV8Eb9NddESAPRE=,Vp5mY/CQosCSpmJrfYQqa0Nhiao=
-26,4,y6+zUeLCXSO4lV8Eb9NddESAPRE=,Vp5mY/CQosCSpmJrfYQqa0Nhiao=
-29,5,y6+zUeLCXSO4lV8Eb9NddESAPRE=,Vp5mY/CQosCSpmJrfYQqa0Nhiao=
-30,5,y6+zUeLCXSO4lV8Eb9NddESAPRE=,Vp5mY/CQosCSpmJrfYQqa0Nhiao=
-26,1,y6+zUeLCXSO4lV8Eb9NddESAPRE=,Vp5mY/CQosCSpmJrfYQqa0Nhiao=
-30,6,y6+zUeLCXSO4lV8Eb9NddESAPRE=,Vp5mY/CQosCSpmJrfYQqa0Nhiao=
-27,4,y6+zUeLCXSO4lV8Eb9NddESAPRE=,Vp5mY/CQosCSpmJrfYQqa0Nhiao=
-20,13,LjRZYxBwjzBqG2SaiB60h856r48=,FoY1/+CledDgsgH1ob7Kv+knRfA=
-19,13,LjRZYxBwjzBqG2SaiB60h856r48=,FoY1/+CledDgsgH1ob7Kv+knRfA=
-23,14,LjRZYxBwjzBqG2SaiB60h856r48=,FoY1/+CledDgsgH1ob7Kv+knRfA=
-18,13,LjRZYxBwjzBqG2SaiB60h856r48=,FoY1/+CledDgsgH1ob7Kv+knRfA=
-21,14,LjRZYxBwjzBqG2SaiB60h856r48=,FoY1/+CledDgsgH1ob7Kv+knRfA=
-22,14,LjRZYxBwjzBqG2SaiB60h856r48=,FoY1/+CledDgsgH1ob7Kv+knRfA=
-20,14,LjRZYxBwjzBqG2SaiB60h856r48=,FoY1/+CledDgsgH1ob7Kv+knRfA=
-19,14,LjRZYxBwjzBqG2SaiB60h856r48=,FoY1/+CledDgsgH1ob7Kv+knRfA=
-18,14,LjRZYxBwjzBqG2SaiB60h856r48=,FoY1/+CledDgsgH1ob7Kv+knRfA=
-23,9,LjRZYxBwjzBqG2SaiB60h856r48=,FoY1/+CledDgsgH1ob7Kv+knRfA=
-22,9,LjRZYxBwjzBqG2SaiB60h856r48=,FoY1/+CledDgsgH1ob7Kv+knRfA=
-21,9,LjRZYxBwjzBqG2SaiB60h856r48=,FoY1/+CledDgsgH1ob7Kv+knRfA=
-20,9,LjRZYxBwjzBqG2SaiB60h856r48=,FoY1/+CledDgsgH1ob7Kv+knRfA=
-19,9,LjRZYxBwjzBqG2SaiB60h856r48=,FoY1/+CledDgsgH1ob7Kv+knRfA=
-18,9,LjRZYxBwjzBqG2SaiB60h856r48=,FoY1/+CledDgsgH1ob7Kv+knRfA=
-23,10,LjRZYxBwjzBqG2SaiB60h856r48=,FoY1/+CledDgsgH1ob7Kv+knRfA=
-22,10,LjRZYxBwjzBqG2SaiB60h856r48=,FoY1/+CledDgsgH1ob7Kv+knRfA=
-21,10,LjRZYxBwjzBqG2SaiB60h856r48=,FoY1/+CledDgsgH1ob7Kv+knRfA=
-20,10,LjRZYxBwjzBqG2SaiB60h856r48=,FoY1/+CledDgsgH1ob7Kv+knRfA=
-19,10,LjRZYxBwjzBqG2SaiB60h856r48=,FoY1/+CledDgsgH1ob7Kv+knRfA=
-18,10,LjRZYxBwjzBqG2SaiB60h856r48=,FoY1/+CledDgsgH1ob7Kv+knRfA=
-23,11,LjRZYxBwjzBqG2SaiB60h856r48=,FoY1/+CledDgsgH1ob7Kv+knRfA=
-22,11,LjRZYxBwjzBqG2SaiB60h856r48=,FoY1/+CledDgsgH1ob7Kv+knRfA=
-20,11,LjRZYxBwjzBqG2SaiB60h856r48=,FoY1/+CledDgsgH1ob7Kv+knRfA=
-21,11,LjRZYxBwjzBqG2SaiB60h856r48=,FoY1/+CledDgsgH1ob7Kv+knRfA=
-19,11,LjRZYxBwjzBqG2SaiB60h856r48=,FoY1/+CledDgsgH1ob7Kv+knRfA=
-18,11,LjRZYxBwjzBqG2SaiB60h856r48=,FoY1/+CledDgsgH1ob7Kv+knRfA=
-23,12,LjRZYxBwjzBqG2SaiB60h856r48=,FoY1/+CledDgsgH1ob7Kv+knRfA=
-22,12,LjRZYxBwjzBqG2SaiB60h856r48=,FoY1/+CledDgsgH1ob7Kv+knRfA=
-21,12,LjRZYxBwjzBqG2SaiB60h856r48=,FoY1/+CledDgsgH1ob7Kv+knRfA=
-20,12,LjRZYxBwjzBqG2SaiB60h856r48=,FoY1/+CledDgsgH1ob7Kv+knRfA=
-19,12,LjRZYxBwjzBqG2SaiB60h856r48=,FoY1/+CledDgsgH1ob7Kv+knRfA=
-18,12,LjRZYxBwjzBqG2SaiB60h856r48=,FoY1/+CledDgsgH1ob7Kv+knRfA=
-23,13,LjRZYxBwjzBqG2SaiB60h856r48=,FoY1/+CledDgsgH1ob7Kv+knRfA=
-22,13,LjRZYxBwjzBqG2SaiB60h856r48=,FoY1/+CledDgsgH1ob7Kv+knRfA=
-21,13,LjRZYxBwjzBqG2SaiB60h856r48=,FoY1/+CledDgsgH1ob7Kv+knRfA=
-28,7,LjRZYxBwjzBqG2SaiB60h856r48=,Vp5mY/CQosCSpmJrfYQqa0Nhiao=
-27,7,LjRZYxBwjzBqG2SaiB60h856r48=,Vp5mY/CQosCSpmJrfYQqa0Nhiao=
-26,7,LjRZYxBwjzBqG2SaiB60h856r48=,Vp5mY/CQosCSpmJrfYQqa0Nhiao=
-31,8,LjRZYxBwjzBqG2SaiB60h856r48=,Dh2mqOUAycRrckeX3KGKDBDOcz8=
-17,13,LjRZYxBwjzBqG2SaiB60h856r48=,FoY1/+CledDgsgH1ob7Kv+knRfA=
-17,14,LjRZYxBwjzBqG2SaiB60h856r48=,FoY1/+CledDgsgH1ob7Kv+knRfA=
-17,9,LjRZYxBwjzBqG2SaiB60h856r48=,FoY1/+CledDgsgH1ob7Kv+knRfA=
-17,10,LjRZYxBwjzBqG2SaiB60h856r48=,FoY1/+CledDgsgH1ob7Kv+knRfA=
-17,11,LjRZYxBwjzBqG2SaiB60h856r48=,FoY1/+CledDgsgH1ob7Kv+knRfA=
-17,12,LjRZYxBwjzBqG2SaiB60h856r48=,FoY1/+CledDgsgH1ob7Kv+knRfA=
-30,8,LjRZYxBwjzBqG2SaiB60h856r48=,Dh2mqOUAycRrckeX3KGKDBDOcz8=
-29,8,LjRZYxBwjzBqG2SaiB60h856r48=,Dh2mqOUAycRrckeX3KGKDBDOcz8=
-28,8,LjRZYxBwjzBqG2SaiB60h856r48=,Dh2mqOUAycRrckeX3KGKDBDOcz8=
-27,8,LjRZYxBwjzBqG2SaiB60h856r48=,Dh2mqOUAycRrckeX3KGKDBDOcz8=
-26,8,LjRZYxBwjzBqG2SaiB60h856r48=,Dh2mqOUAycRrckeX3KGKDBDOcz8=
-31,9,LjRZYxBwjzBqG2SaiB60h856r48=,Dh2mqOUAycRrckeX3KGKDBDOcz8=
-30,9,LjRZYxBwjzBqG2SaiB60h856r48=,Dh2mqOUAycRrckeX3KGKDBDOcz8=
-29,9,LjRZYxBwjzBqG2SaiB60h856r48=,Dh2mqOUAycRrckeX3KGKDBDOcz8=
-28,9,LjRZYxBwjzBqG2SaiB60h856r48=,Dh2mqOUAycRrckeX3KGKDBDOcz8=
-26,9,LjRZYxBwjzBqG2SaiB60h856r48=,Dh2mqOUAycRrckeX3KGKDBDOcz8=
-27,9,LjRZYxBwjzBqG2SaiB60h856r48=,Dh2mqOUAycRrckeX3KGKDBDOcz8=
-25,9,LjRZYxBwjzBqG2SaiB60h856r48=,Dh2mqOUAycRrckeX3KGKDBDOcz8=
-31,10,LjRZYxBwjzBqG2SaiB60h856r48=,Dh2mqOUAycRrckeX3KGKDBDOcz8=
-30,10,LjRZYxBwjzBqG2SaiB60h856r48=,Dh2mqOUAycRrckeX3KGKDBDOcz8=
-29,10,LjRZYxBwjzBqG2SaiB60h856r48=,Dh2mqOUAycRrckeX3KGKDBDOcz8=
-28,10,LjRZYxBwjzBqG2SaiB60h856r48=,Dh2mqOUAycRrckeX3KGKDBDOcz8=
-27,10,LjRZYxBwjzBqG2SaiB60h856r48=,Dh2mqOUAycRrckeX3KGKDBDOcz8=
-26,10,LjRZYxBwjzBqG2SaiB60h856r48=,Dh2mqOUAycRrckeX3KGKDBDOcz8=
-25,10,LjRZYxBwjzBqG2SaiB60h856r48=,Dh2mqOUAycRrckeX3KGKDBDOcz8=
-31,11,LjRZYxBwjzBqG2SaiB60h856r48=,Dh2mqOUAycRrckeX3KGKDBDOcz8=
-30,11,LjRZYxBwjzBqG2SaiB60h856r48=,Dh2mqOUAycRrckeX3KGKDBDOcz8=
-29,11,LjRZYxBwjzBqG2SaiB60h856r48=,Dh2mqOUAycRrckeX3KGKDBDOcz8=
-28,11,LjRZYxBwjzBqG2SaiB60h856r48=,Dh2mqOUAycRrckeX3KGKDBDOcz8=
-27,11,LjRZYxBwjzBqG2SaiB60h856r48=,Dh2mqOUAycRrckeX3KGKDBDOcz8=
-26,11,LjRZYxBwjzBqG2SaiB60h856r48=,Dh2mqOUAycRrckeX3KGKDBDOcz8=
-25,11,LjRZYxBwjzBqG2SaiB60h856r48=,Dh2mqOUAycRrckeX3KGKDBDOcz8=
-31,12,LjRZYxBwjzBqG2SaiB60h856r48=,Dh2mqOUAycRrckeX3KGKDBDOcz8=
-30,12,LjRZYxBwjzBqG2SaiB60h856r48=,Dh2mqOUAycRrckeX3KGKDBDOcz8=
-29,12,LjRZYxBwjzBqG2SaiB60h856r48=,Dh2mqOUAycRrckeX3KGKDBDOcz8=
-28,12,LjRZYxBwjzBqG2SaiB60h856r48=,Dh2mqOUAycRrckeX3KGKDBDOcz8=
-27,12,LjRZYxBwjzBqG2SaiB60h856r48=,Dh2mqOUAycRrckeX3KGKDBDOcz8=
-24,14,LjRZYxBwjzBqG2SaiB60h856r48=,FoY1/+CledDgsgH1ob7Kv+knRfA=
-24,9,LjRZYxBwjzBqG2SaiB60h856r48=,FoY1/+CledDgsgH1ob7Kv+knRfA=
-24,10,LjRZYxBwjzBqG2SaiB60h856r48=,FoY1/+CledDgsgH1ob7Kv+knRfA=
-26,12,LjRZYxBwjzBqG2SaiB60h856r48=,Dh2mqOUAycRrckeX3KGKDBDOcz8=
-25,12,LjRZYxBwjzBqG2SaiB60h856r48=,Dh2mqOUAycRrckeX3KGKDBDOcz8=
-24,11,LjRZYxBwjzBqG2SaiB60h856r48=,FoY1/+CledDgsgH1ob7Kv+knRfA=
-30,13,LjRZYxBwjzBqG2SaiB60h856r48=,Dh2mqOUAycRrckeX3KGKDBDOcz8=
-29,13,LjRZYxBwjzBqG2SaiB60h856r48=,Dh2mqOUAycRrckeX3KGKDBDOcz8=
-28,13,LjRZYxBwjzBqG2SaiB60h856r48=,Dh2mqOUAycRrckeX3KGKDBDOcz8=
-27,13,LjRZYxBwjzBqG2SaiB60h856r48=,Dh2mqOUAycRrckeX3KGKDBDOcz8=
-26,13,LjRZYxBwjzBqG2SaiB60h856r48=,Dh2mqOUAycRrckeX3KGKDBDOcz8=
-31,13,LjRZYxBwjzBqG2SaiB60h856r48=,Dh2mqOUAycRrckeX3KGKDBDOcz8=
-31,14,LjRZYxBwjzBqG2SaiB60h856r48=,Dh2mqOUAycRrckeX3KGKDBDOcz8=
-30,14,LjRZYxBwjzBqG2SaiB60h856r48=,Dh2mqOUAycRrckeX3KGKDBDOcz8=
-25,13,LjRZYxBwjzBqG2SaiB60h856r48=,Dh2mqOUAycRrckeX3KGKDBDOcz8=
-29,14,LjRZYxBwjzBqG2SaiB60h856r48=,Dh2mqOUAycRrckeX3KGKDBDOcz8=
-28,14,LjRZYxBwjzBqG2SaiB60h856r48=,Dh2mqOUAycRrckeX3KGKDBDOcz8=
-24,12,LjRZYxBwjzBqG2SaiB60h856r48=,FoY1/+CledDgsgH1ob7Kv+knRfA=
-27,14,LjRZYxBwjzBqG2SaiB60h856r48=,Dh2mqOUAycRrckeX3KGKDBDOcz8=
-26,14,LjRZYxBwjzBqG2SaiB60h856r48=,Dh2mqOUAycRrckeX3KGKDBDOcz8=
-25,14,LjRZYxBwjzBqG2SaiB60h856r48=,Dh2mqOUAycRrckeX3KGKDBDOcz8=
-31,7,LjRZYxBwjzBqG2SaiB60h856r48=,Vp5mY/CQosCSpmJrfYQqa0Nhiao=
-24,13,LjRZYxBwjzBqG2SaiB60h856r48=,FoY1/+CledDgsgH1ob7Kv+knRfA=
-30,7,LjRZYxBwjzBqG2SaiB60h856r48=,Vp5mY/CQosCSpmJrfYQqa0Nhiao=
-32,4,LjRZYxBwjzBqG2SaiB60h856r48=,Vp5mY/CQosCSpmJrfYQqa0Nhiao=
-32,6,LjRZYxBwjzBqG2SaiB60h856r48=,Vp5mY/CQosCSpmJrfYQqa0Nhiao=
-32,2,LjRZYxBwjzBqG2SaiB60h856r48=,Vp5mY/CQosCSpmJrfYQqa0Nhiao=
-32,3,LjRZYxBwjzBqG2SaiB60h856r48=,Vp5mY/CQosCSpmJrfYQqa0Nhiao=
-32,5,LjRZYxBwjzBqG2SaiB60h856r48=,Vp5mY/CQosCSpmJrfYQqa0Nhiao=
-29,7,LjRZYxBwjzBqG2SaiB60h856r48=,Vp5mY/CQosCSpmJrfYQqa0Nhiao=
-32,1,LjRZYxBwjzBqG2SaiB60h856r48=,Vp5mY/CQosCSpmJrfYQqa0Nhiao=
-31,0,LjRZYxBwjzBqG2SaiB60h856r48=,Vp5mY/CQosCSpmJrfYQqa0Nhiao=
-30,0,LjRZYxBwjzBqG2SaiB60h856r48=,Vp5mY/CQosCSpmJrfYQqa0Nhiao=
-28,0,LjRZYxBwjzBqG2SaiB60h856r48=,Vp5mY/CQosCSpmJrfYQqa0Nhiao=
-27,0,LjRZYxBwjzBqG2SaiB60h856r48=,Vp5mY/CQosCSpmJrfYQqa0Nhiao=
-26,0,LjRZYxBwjzBqG2SaiB60h856r48=,Vp5mY/CQosCSpmJrfYQqa0Nhiao=
-32,0,LjRZYxBwjzBqG2SaiB60h856r48=,Vp5mY/CQosCSpmJrfYQqa0Nhiao=
-29,0,LjRZYxBwjzBqG2SaiB60h856r48=,Vp5mY/CQosCSpmJrfYQqa0Nhiao=
-28,15,LjRZYxBwjzBqG2SaiB60h856r48=,Dh2mqOUAycRrckeX3KGKDBDOcz8=
-27,15,LjRZYxBwjzBqG2SaiB60h856r48=,Dh2mqOUAycRrckeX3KGKDBDOcz8=
-26,15,LjRZYxBwjzBqG2SaiB60h856r48=,Dh2mqOUAycRrckeX3KGKDBDOcz8=
-31,15,LjRZYxBwjzBqG2SaiB60h856r48=,Dh2mqOUAycRrckeX3KGKDBDOcz8=
-30,15,LjRZYxBwjzBqG2SaiB60h856r48=,Dh2mqOUAycRrckeX3KGKDBDOcz8=
-29,15,LjRZYxBwjzBqG2SaiB60h856r48=,Dh2mqOUAycRrckeX3KGKDBDOcz8=
-32,15,LjRZYxBwjzBqG2SaiB60h856r48=,Dh2mqOUAycRrckeX3KGKDBDOcz8=
-32,8,LjRZYxBwjzBqG2SaiB60h856r48=,Dh2mqOUAycRrckeX3KGKDBDOcz8=
-32,9,LjRZYxBwjzBqG2SaiB60h856r48=,Dh2mqOUAycRrckeX3KGKDBDOcz8=
-32,10,LjRZYxBwjzBqG2SaiB60h856r48=,Dh2mqOUAycRrckeX3KGKDBDOcz8=
-32,11,LjRZYxBwjzBqG2SaiB60h856r48=,Dh2mqOUAycRrckeX3KGKDBDOcz8=
-32,12,LjRZYxBwjzBqG2SaiB60h856r48=,Dh2mqOUAycRrckeX3KGKDBDOcz8=
-32,13,LjRZYxBwjzBqG2SaiB60h856r48=,Dh2mqOUAycRrckeX3KGKDBDOcz8=
-32,7,LjRZYxBwjzBqG2SaiB60h856r48=,Vp5mY/CQosCSpmJrfYQqa0Nhiao=
-32,14,LjRZYxBwjzBqG2SaiB60h856r48=,Dh2mqOUAycRrckeX3KGKDBDOcz8=
-25,15,LjRZYxBwjzBqG2SaiB60h856r48=,Dh2mqOUAycRrckeX3KGKDBDOcz8=
-24,15,LjRZYxBwjzBqG2SaiB60h856r48=,FoY1/+CledDgsgH1ob7Kv+knRfA=
-23,15,LjRZYxBwjzBqG2SaiB60h856r48=,FoY1/+CledDgsgH1ob7Kv+knRfA=
-22,15,LjRZYxBwjzBqG2SaiB60h856r48=,FoY1/+CledDgsgH1ob7Kv+knRfA=
-21,15,LjRZYxBwjzBqG2SaiB60h856r48=,FoY1/+CledDgsgH1ob7Kv+knRfA=
-20,15,LjRZYxBwjzBqG2SaiB60h856r48=,FoY1/+CledDgsgH1ob7Kv+knRfA=
-19,15,LjRZYxBwjzBqG2SaiB60h856r48=,FoY1/+CledDgsgH1ob7Kv+knRfA=
-18,15,LjRZYxBwjzBqG2SaiB60h856r48=,FoY1/+CledDgsgH1ob7Kv+knRfA=
-17,15,LjRZYxBwjzBqG2SaiB60h856r48=,FoY1/+CledDgsgH1ob7Kv+knRfA=
-25,7,LjRZYxBwjzBqG2SaiB60h856r48=,Vp5mY/CQosCSpmJrfYQqa0Nhiao=
-18,7,LjRZYxBwjzBqG2SaiB60h856r48=,q7ooWqrSo0P7feeIgIjBnsIV7DA=
-21,3,LjRZYxBwjzBqG2SaiB60h856r48=,q7ooWqrSo0P7feeIgIjBnsIV7DA=
-17,7,LjRZYxBwjzBqG2SaiB60h856r48=,q7ooWqrSo0P7feeIgIjBnsIV7DA=
-25,8,LjRZYxBwjzBqG2SaiB60h856r48=,Dh2mqOUAycRrckeX3KGKDBDOcz8=
-25,3,LjRZYxBwjzBqG2SaiB60h856r48=,Vp5mY/CQosCSpmJrfYQqa0Nhiao=
-20,3,LjRZYxBwjzBqG2SaiB60h856r48=,q7ooWqrSo0P7feeIgIjBnsIV7DA=
-19,3,LjRZYxBwjzBqG2SaiB60h856r48=,q7ooWqrSo0P7feeIgIjBnsIV7DA=
-19,7,LjRZYxBwjzBqG2SaiB60h856r48=,q7ooWqrSo0P7feeIgIjBnsIV7DA=
-20,7,LjRZYxBwjzBqG2SaiB60h856r48=,q7ooWqrSo0P7feeIgIjBnsIV7DA=
-22,7,LjRZYxBwjzBqG2SaiB60h856r48=,q7ooWqrSo0P7feeIgIjBnsIV7DA=
-22,3,LjRZYxBwjzBqG2SaiB60h856r48=,q7ooWqrSo0P7feeIgIjBnsIV7DA=
-21,7,LjRZYxBwjzBqG2SaiB60h856r48=,q7ooWqrSo0P7feeIgIjBnsIV7DA=
-23,3,LjRZYxBwjzBqG2SaiB60h856r48=,q7ooWqrSo0P7feeIgIjBnsIV7DA=
-24,8,LjRZYxBwjzBqG2SaiB60h856r48=,FoY1/+CledDgsgH1ob7Kv+knRfA=
-24,7,LjRZYxBwjzBqG2SaiB60h856r48=,q7ooWqrSo0P7feeIgIjBnsIV7DA=
-25,5,LjRZYxBwjzBqG2SaiB60h856r48=,Vp5mY/CQosCSpmJrfYQqa0Nhiao=
-17,6,LjRZYxBwjzBqG2SaiB60h856r48=,q7ooWqrSo0P7feeIgIjBnsIV7DA=
-24,3,LjRZYxBwjzBqG2SaiB60h856r48=,q7ooWqrSo0P7feeIgIjBnsIV7DA=
-18,6,LjRZYxBwjzBqG2SaiB60h856r48=,q7ooWqrSo0P7feeIgIjBnsIV7DA=
-23,7,LjRZYxBwjzBqG2SaiB60h856r48=,q7ooWqrSo0P7feeIgIjBnsIV7DA=
-18,2,LjRZYxBwjzBqG2SaiB60h856r48=,q7ooWqrSo0P7feeIgIjBnsIV7DA=
-19,2,LjRZYxBwjzBqG2SaiB60h856r48=,q7ooWqrSo0P7feeIgIjBnsIV7DA=
-23,8,LjRZYxBwjzBqG2SaiB60h856r48=,FoY1/+CledDgsgH1ob7Kv+knRfA=
-22,8,LjRZYxBwjzBqG2SaiB60h856r48=,FoY1/+CledDgsgH1ob7Kv+knRfA=
-21,8,LjRZYxBwjzBqG2SaiB60h856r48=,FoY1/+CledDgsgH1ob7Kv+knRfA=
-20,8,LjRZYxBwjzBqG2SaiB60h856r48=,FoY1/+CledDgsgH1ob7Kv+knRfA=
-19,6,LjRZYxBwjzBqG2SaiB60h856r48=,q7ooWqrSo0P7feeIgIjBnsIV7DA=
-20,2,LjRZYxBwjzBqG2SaiB60h856r48=,q7ooWqrSo0P7feeIgIjBnsIV7DA=
-19,8,LjRZYxBwjzBqG2SaiB60h856r48=,FoY1/+CledDgsgH1ob7Kv+knRfA=
-20,6,LjRZYxBwjzBqG2SaiB60h856r48=,q7ooWqrSo0P7feeIgIjBnsIV7DA=
-21,2,LjRZYxBwjzBqG2SaiB60h856r48=,q7ooWqrSo0P7feeIgIjBnsIV7DA=
-21,6,LjRZYxBwjzBqG2SaiB60h856r48=,q7ooWqrSo0P7feeIgIjBnsIV7DA=
-18,8,LjRZYxBwjzBqG2SaiB60h856r48=,FoY1/+CledDgsgH1ob7Kv+knRfA=
-25,0,LjRZYxBwjzBqG2SaiB60h856r48=,Vp5mY/CQosCSpmJrfYQqa0Nhiao=
-22,2,LjRZYxBwjzBqG2SaiB60h856r48=,q7ooWqrSo0P7feeIgIjBnsIV7DA=
-23,2,LjRZYxBwjzBqG2SaiB60h856r48=,q7ooWqrSo0P7feeIgIjBnsIV7DA=
-17,8,LjRZYxBwjzBqG2SaiB60h856r48=,FoY1/+CledDgsgH1ob7Kv+knRfA=
-18,3,LjRZYxBwjzBqG2SaiB60h856r48=,q7ooWqrSo0P7feeIgIjBnsIV7DA=
-17,3,LjRZYxBwjzBqG2SaiB60h856r48=,q7ooWqrSo0P7feeIgIjBnsIV7DA=
-24,4,LjRZYxBwjzBqG2SaiB60h856r48=,q7ooWqrSo0P7feeIgIjBnsIV7DA=
-23,4,LjRZYxBwjzBqG2SaiB60h856r48=,q7ooWqrSo0P7feeIgIjBnsIV7DA=
-24,0,LjRZYxBwjzBqG2SaiB60h856r48=,q7ooWqrSo0P7feeIgIjBnsIV7DA=
-23,0,LjRZYxBwjzBqG2SaiB60h856r48=,q7ooWqrSo0P7feeIgIjBnsIV7DA=
-22,0,LjRZYxBwjzBqG2SaiB60h856r48=,q7ooWqrSo0P7feeIgIjBnsIV7DA=
-22,4,LjRZYxBwjzBqG2SaiB60h856r48=,q7ooWqrSo0P7feeIgIjBnsIV7DA=
-21,0,LjRZYxBwjzBqG2SaiB60h856r48=,q7ooWqrSo0P7feeIgIjBnsIV7DA=
-25,4,LjRZYxBwjzBqG2SaiB60h856r48=,Vp5mY/CQosCSpmJrfYQqa0Nhiao=
-21,4,LjRZYxBwjzBqG2SaiB60h856r48=,q7ooWqrSo0P7feeIgIjBnsIV7DA=
-20,4,LjRZYxBwjzBqG2SaiB60h856r48=,q7ooWqrSo0P7feeIgIjBnsIV7DA=
-20,0,LjRZYxBwjzBqG2SaiB60h856r48=,q7ooWqrSo0P7feeIgIjBnsIV7DA=
-19,0,LjRZYxBwjzBqG2SaiB60h856r48=,q7ooWqrSo0P7feeIgIjBnsIV7DA=
-19,4,LjRZYxBwjzBqG2SaiB60h856r48=,q7ooWqrSo0P7feeIgIjBnsIV7DA=
-18,4,LjRZYxBwjzBqG2SaiB60h856r48=,q7ooWqrSo0P7feeIgIjBnsIV7DA=
-18,0,LjRZYxBwjzBqG2SaiB60h856r48=,q7ooWqrSo0P7feeIgIjBnsIV7DA=
-17,0,LjRZYxBwjzBqG2SaiB60h856r48=,q7ooWqrSo0P7feeIgIjBnsIV7DA=
-22,6,LjRZYxBwjzBqG2SaiB60h856r48=,q7ooWqrSo0P7feeIgIjBnsIV7DA=
-17,4,LjRZYxBwjzBqG2SaiB60h856r48=,q7ooWqrSo0P7feeIgIjBnsIV7DA=
-24,2,LjRZYxBwjzBqG2SaiB60h856r48=,q7ooWqrSo0P7feeIgIjBnsIV7DA=
-23,6,LjRZYxBwjzBqG2SaiB60h856r48=,q7ooWqrSo0P7feeIgIjBnsIV7DA=
-24,1,LjRZYxBwjzBqG2SaiB60h856r48=,q7ooWqrSo0P7feeIgIjBnsIV7DA=
-23,1,LjRZYxBwjzBqG2SaiB60h856r48=,q7ooWqrSo0P7feeIgIjBnsIV7DA=
-22,1,LjRZYxBwjzBqG2SaiB60h856r48=,q7ooWqrSo0P7feeIgIjBnsIV7DA=
-25,6,LjRZYxBwjzBqG2SaiB60h856r48=,Vp5mY/CQosCSpmJrfYQqa0Nhiao=
-21,1,LjRZYxBwjzBqG2SaiB60h856r48=,q7ooWqrSo0P7feeIgIjBnsIV7DA=
-24,5,LjRZYxBwjzBqG2SaiB60h856r48=,q7ooWqrSo0P7feeIgIjBnsIV7DA=
-23,5,LjRZYxBwjzBqG2SaiB60h856r48=,q7ooWqrSo0P7feeIgIjBnsIV7DA=
-20,1,LjRZYxBwjzBqG2SaiB60h856r48=,q7ooWqrSo0P7feeIgIjBnsIV7DA=
-25,2,LjRZYxBwjzBqG2SaiB60h856r48=,Vp5mY/CQosCSpmJrfYQqa0Nhiao=
-25,1,LjRZYxBwjzBqG2SaiB60h856r48=,Vp5mY/CQosCSpmJrfYQqa0Nhiao=
-17,1,LjRZYxBwjzBqG2SaiB60h856r48=,q7ooWqrSo0P7feeIgIjBnsIV7DA=
-19,1,LjRZYxBwjzBqG2SaiB60h856r48=,q7ooWqrSo0P7feeIgIjBnsIV7DA=
-22,5,LjRZYxBwjzBqG2SaiB60h856r48=,q7ooWqrSo0P7feeIgIjBnsIV7DA=
-21,5,LjRZYxBwjzBqG2SaiB60h856r48=,q7ooWqrSo0P7feeIgIjBnsIV7DA=
-20,5,LjRZYxBwjzBqG2SaiB60h856r48=,q7ooWqrSo0P7feeIgIjBnsIV7DA=
-19,5,LjRZYxBwjzBqG2SaiB60h856r48=,q7ooWqrSo0P7feeIgIjBnsIV7DA=
-18,5,LjRZYxBwjzBqG2SaiB60h856r48=,q7ooWqrSo0P7feeIgIjBnsIV7DA=
-17,5,LjRZYxBwjzBqG2SaiB60h856r48=,q7ooWqrSo0P7feeIgIjBnsIV7DA=
-18,1,LjRZYxBwjzBqG2SaiB60h856r48=,q7ooWqrSo0P7feeIgIjBnsIV7DA=
-24,6,LjRZYxBwjzBqG2SaiB60h856r48=,q7ooWqrSo0P7feeIgIjBnsIV7DA=
-17,2,LjRZYxBwjzBqG2SaiB60h856r48=,q7ooWqrSo0P7feeIgIjBnsIV7DA=
-12,11,4FNA7PepPZmU2tWrvUWwAg6fM8Y=,he9WenDEDRufb/SSFHrpno2ZsJE=
-11,11,4FNA7PepPZmU2tWrvUWwAg6fM8Y=,he9WenDEDRufb/SSFHrpno2ZsJE=
-13,11,4FNA7PepPZmU2tWrvUWwAg6fM8Y=,he9WenDEDRufb/SSFHrpno2ZsJE=
-14,11,4FNA7PepPZmU2tWrvUWwAg6fM8Y=,he9WenDEDRufb/SSFHrpno2ZsJE=
-15,11,4FNA7PepPZmU2tWrvUWwAg6fM8Y=,he9WenDEDRufb/SSFHrpno2ZsJE=
-10,10,4FNA7PepPZmU2tWrvUWwAg6fM8Y=,he9WenDEDRufb/SSFHrpno2ZsJE=
-11,10,4FNA7PepPZmU2tWrvUWwAg6fM8Y=,he9WenDEDRufb/SSFHrpno2ZsJE=
-12,10,4FNA7PepPZmU2tWrvUWwAg6fM8Y=,he9WenDEDRufb/SSFHrpno2ZsJE=
-13,10,4FNA7PepPZmU2tWrvUWwAg6fM8Y=,he9WenDEDRufb/SSFHrpno2ZsJE=
-14,10,4FNA7PepPZmU2tWrvUWwAg6fM8Y=,he9WenDEDRufb/SSFHrpno2ZsJE=
-10,14,4FNA7PepPZmU2tWrvUWwAg6fM8Y=,he9WenDEDRufb/SSFHrpno2ZsJE=
-11,14,4FNA7PepPZmU2tWrvUWwAg6fM8Y=,he9WenDEDRufb/SSFHrpno2ZsJE=
-12,14,4FNA7PepPZmU2tWrvUWwAg6fM8Y=,he9WenDEDRufb/SSFHrpno2ZsJE=
-13,14,4FNA7PepPZmU2tWrvUWwAg6fM8Y=,he9WenDEDRufb/SSFHrpno2ZsJE=
-15,10,4FNA7PepPZmU2tWrvUWwAg6fM8Y=,he9WenDEDRufb/SSFHrpno2ZsJE=
-14,14,4FNA7PepPZmU2tWrvUWwAg6fM8Y=,he9WenDEDRufb/SSFHrpno2ZsJE=
-15,14,4FNA7PepPZmU2tWrvUWwAg6fM8Y=,he9WenDEDRufb/SSFHrpno2ZsJE=
-10,9,4FNA7PepPZmU2tWrvUWwAg6fM8Y=,he9WenDEDRufb/SSFHrpno2ZsJE=
-10,13,4FNA7PepPZmU2tWrvUWwAg6fM8Y=,he9WenDEDRufb/SSFHrpno2ZsJE=
-11,13,4FNA7PepPZmU2tWrvUWwAg6fM8Y=,he9WenDEDRufb/SSFHrpno2ZsJE=
-12,13,4FNA7PepPZmU2tWrvUWwAg6fM8Y=,he9WenDEDRufb/SSFHrpno2ZsJE=
-11,9,4FNA7PepPZmU2tWrvUWwAg6fM8Y=,he9WenDEDRufb/SSFHrpno2ZsJE=
-13,13,4FNA7PepPZmU2tWrvUWwAg6fM8Y=,he9WenDEDRufb/SSFHrpno2ZsJE=
-14,13,4FNA7PepPZmU2tWrvUWwAg6fM8Y=,he9WenDEDRufb/SSFHrpno2ZsJE=
-15,13,4FNA7PepPZmU2tWrvUWwAg6fM8Y=,he9WenDEDRufb/SSFHrpno2ZsJE=
-10,12,4FNA7PepPZmU2tWrvUWwAg6fM8Y=,he9WenDEDRufb/SSFHrpno2ZsJE=
-12,9,4FNA7PepPZmU2tWrvUWwAg6fM8Y=,he9WenDEDRufb/SSFHrpno2ZsJE=
-11,12,4FNA7PepPZmU2tWrvUWwAg6fM8Y=,he9WenDEDRufb/SSFHrpno2ZsJE=
-13,9,4FNA7PepPZmU2tWrvUWwAg6fM8Y=,he9WenDEDRufb/SSFHrpno2ZsJE=
-14,9,4FNA7PepPZmU2tWrvUWwAg6fM8Y=,he9WenDEDRufb/SSFHrpno2ZsJE=
-12,12,4FNA7PepPZmU2tWrvUWwAg6fM8Y=,he9WenDEDRufb/SSFHrpno2ZsJE=
-13,12,4FNA7PepPZmU2tWrvUWwAg6fM8Y=,he9WenDEDRufb/SSFHrpno2ZsJE=
-14,12,4FNA7PepPZmU2tWrvUWwAg6fM8Y=,he9WenDEDRufb/SSFHrpno2ZsJE=
-15,12,4FNA7PepPZmU2tWrvUWwAg6fM8Y=,he9WenDEDRufb/SSFHrpno2ZsJE=
-15,9,4FNA7PepPZmU2tWrvUWwAg6fM8Y=,he9WenDEDRufb/SSFHrpno2ZsJE=
-10,11,4FNA7PepPZmU2tWrvUWwAg6fM8Y=,he9WenDEDRufb/SSFHrpno2ZsJE=
-15,15,4FNA7PepPZmU2tWrvUWwAg6fM8Y=,he9WenDEDRufb/SSFHrpno2ZsJE=
-14,15,4FNA7PepPZmU2tWrvUWwAg6fM8Y=,he9WenDEDRufb/SSFHrpno2ZsJE=
-13,15,4FNA7PepPZmU2tWrvUWwAg6fM8Y=,he9WenDEDRufb/SSFHrpno2ZsJE=
-12,15,4FNA7PepPZmU2tWrvUWwAg6fM8Y=,he9WenDEDRufb/SSFHrpno2ZsJE=
-11,15,4FNA7PepPZmU2tWrvUWwAg6fM8Y=,he9WenDEDRufb/SSFHrpno2ZsJE=
-10,15,4FNA7PepPZmU2tWrvUWwAg6fM8Y=,he9WenDEDRufb/SSFHrpno2ZsJE=
-16,12,4FNA7PepPZmU2tWrvUWwAg6fM8Y=,he9WenDEDRufb/SSFHrpno2ZsJE=
-16,9,4FNA7PepPZmU2tWrvUWwAg6fM8Y=,he9WenDEDRufb/SSFHrpno2ZsJE=
-16,13,4FNA7PepPZmU2tWrvUWwAg6fM8Y=,he9WenDEDRufb/SSFHrpno2ZsJE=
-16,14,4FNA7PepPZmU2tWrvUWwAg6fM8Y=,he9WenDEDRufb/SSFHrpno2ZsJE=
-16,10,4FNA7PepPZmU2tWrvUWwAg6fM8Y=,he9WenDEDRufb/SSFHrpno2ZsJE=
-16,11,4FNA7PepPZmU2tWrvUWwAg6fM8Y=,he9WenDEDRufb/SSFHrpno2ZsJE=
-16,15,4FNA7PepPZmU2tWrvUWwAg6fM8Y=,he9WenDEDRufb/SSFHrpno2ZsJE=
-4,15,4FNA7PepPZmU2tWrvUWwAg6fM8Y=,A+sQHE5YVUyDSW4d1iMvHELWeRs=
-3,15,4FNA7PepPZmU2tWrvUWwAg6fM8Y=,A+sQHE5YVUyDSW4d1iMvHELWeRs=
-2,15,4FNA7PepPZmU2tWrvUWwAg6fM8Y=,A+sQHE5YVUyDSW4d1iMvHELWeRs=
-1,15,4FNA7PepPZmU2tWrvUWwAg6fM8Y=,A+sQHE5YVUyDSW4d1iMvHELWeRs=
-8,12,4FNA7PepPZmU2tWrvUWwAg6fM8Y=,A+sQHE5YVUyDSW4d1iMvHELWeRs=
-7,12,4FNA7PepPZmU2tWrvUWwAg6fM8Y=,A+sQHE5YVUyDSW4d1iMvHELWeRs=
-6,12,4FNA7PepPZmU2tWrvUWwAg6fM8Y=,A+sQHE5YVUyDSW4d1iMvHELWeRs=
-6,9,4FNA7PepPZmU2tWrvUWwAg6fM8Y=,A+sQHE5YVUyDSW4d1iMvHELWeRs=
-3,14,4FNA7PepPZmU2tWrvUWwAg6fM8Y=,A+sQHE5YVUyDSW4d1iMvHELWeRs=
-9,15,4FNA7PepPZmU2tWrvUWwAg6fM8Y=,he9WenDEDRufb/SSFHrpno2ZsJE=
-5,15,4FNA7PepPZmU2tWrvUWwAg6fM8Y=,A+sQHE5YVUyDSW4d1iMvHELWeRs=
-1,12,4FNA7PepPZmU2tWrvUWwAg6fM8Y=,A+sQHE5YVUyDSW4d1iMvHELWeRs=
-2,12,4FNA7PepPZmU2tWrvUWwAg6fM8Y=,A+sQHE5YVUyDSW4d1iMvHELWeRs=
-1,9,4FNA7PepPZmU2tWrvUWwAg6fM8Y=,A+sQHE5YVUyDSW4d1iMvHELWeRs=
-2,9,4FNA7PepPZmU2tWrvUWwAg6fM8Y=,A+sQHE5YVUyDSW4d1iMvHELWeRs=
-7,9,4FNA7PepPZmU2tWrvUWwAg6fM8Y=,A+sQHE5YVUyDSW4d1iMvHELWeRs=
-6,15,4FNA7PepPZmU2tWrvUWwAg6fM8Y=,A+sQHE5YVUyDSW4d1iMvHELWeRs=
-3,13,4FNA7PepPZmU2tWrvUWwAg6fM8Y=,A+sQHE5YVUyDSW4d1iMvHELWeRs=
-7,15,4FNA7PepPZmU2tWrvUWwAg6fM8Y=,A+sQHE5YVUyDSW4d1iMvHELWeRs=
-8,15,4FNA7PepPZmU2tWrvUWwAg6fM8Y=,A+sQHE5YVUyDSW4d1iMvHELWeRs=
-4,13,4FNA7PepPZmU2tWrvUWwAg6fM8Y=,A+sQHE5YVUyDSW4d1iMvHELWeRs=
-9,10,4FNA7PepPZmU2tWrvUWwAg6fM8Y=,he9WenDEDRufb/SSFHrpno2ZsJE=
-2,14,4FNA7PepPZmU2tWrvUWwAg6fM8Y=,A+sQHE5YVUyDSW4d1iMvHELWeRs=
-1,14,4FNA7PepPZmU2tWrvUWwAg6fM8Y=,A+sQHE5YVUyDSW4d1iMvHELWeRs=
-9,14,4FNA7PepPZmU2tWrvUWwAg6fM8Y=,he9WenDEDRufb/SSFHrpno2ZsJE=
-7,10,4FNA7PepPZmU2tWrvUWwAg6fM8Y=,A+sQHE5YVUyDSW4d1iMvHELWeRs=
-8,9,4FNA7PepPZmU2tWrvUWwAg6fM8Y=,A+sQHE5YVUyDSW4d1iMvHELWeRs=
-9,9,4FNA7PepPZmU2tWrvUWwAg6fM8Y=,he9WenDEDRufb/SSFHrpno2ZsJE=
-9,13,4FNA7PepPZmU2tWrvUWwAg6fM8Y=,he9WenDEDRufb/SSFHrpno2ZsJE=
-2,11,4FNA7PepPZmU2tWrvUWwAg6fM8Y=,A+sQHE5YVUyDSW4d1iMvHELWeRs=
-3,11,4FNA7PepPZmU2tWrvUWwAg6fM8Y=,A+sQHE5YVUyDSW4d1iMvHELWeRs=
-4,11,4FNA7PepPZmU2tWrvUWwAg6fM8Y=,A+sQHE5YVUyDSW4d1iMvHELWeRs=
-5,11,4FNA7PepPZmU2tWrvUWwAg6fM8Y=,A+sQHE5YVUyDSW4d1iMvHELWeRs=
-6,11,4FNA7PepPZmU2tWrvUWwAg6fM8Y=,A+sQHE5YVUyDSW4d1iMvHELWeRs=
-1,11,4FNA7PepPZmU2tWrvUWwAg6fM8Y=,A+sQHE5YVUyDSW4d1iMvHELWeRs=
-3,12,4FNA7PepPZmU2tWrvUWwAg6fM8Y=,A+sQHE5YVUyDSW4d1iMvHELWeRs=
-4,12,4FNA7PepPZmU2tWrvUWwAg6fM8Y=,A+sQHE5YVUyDSW4d1iMvHELWeRs=
-7,11,4FNA7PepPZmU2tWrvUWwAg6fM8Y=,A+sQHE5YVUyDSW4d1iMvHELWeRs=
-8,10,4FNA7PepPZmU2tWrvUWwAg6fM8Y=,A+sQHE5YVUyDSW4d1iMvHELWeRs=
-4,14,4FNA7PepPZmU2tWrvUWwAg6fM8Y=,A+sQHE5YVUyDSW4d1iMvHELWeRs=
-5,14,4FNA7PepPZmU2tWrvUWwAg6fM8Y=,A+sQHE5YVUyDSW4d1iMvHELWeRs=
-6,14,4FNA7PepPZmU2tWrvUWwAg6fM8Y=,A+sQHE5YVUyDSW4d1iMvHELWeRs=
-3,9,4FNA7PepPZmU2tWrvUWwAg6fM8Y=,A+sQHE5YVUyDSW4d1iMvHELWeRs=
-9,12,4FNA7PepPZmU2tWrvUWwAg6fM8Y=,he9WenDEDRufb/SSFHrpno2ZsJE=
-5,13,4FNA7PepPZmU2tWrvUWwAg6fM8Y=,A+sQHE5YVUyDSW4d1iMvHELWeRs=
-7,14,4FNA7PepPZmU2tWrvUWwAg6fM8Y=,A+sQHE5YVUyDSW4d1iMvHELWeRs=
-4,9,4FNA7PepPZmU2tWrvUWwAg6fM8Y=,A+sQHE5YVUyDSW4d1iMvHELWeRs=
-6,13,4FNA7PepPZmU2tWrvUWwAg6fM8Y=,A+sQHE5YVUyDSW4d1iMvHELWeRs=
-8,14,4FNA7PepPZmU2tWrvUWwAg6fM8Y=,A+sQHE5YVUyDSW4d1iMvHELWeRs=
-7,13,4FNA7PepPZmU2tWrvUWwAg6fM8Y=,A+sQHE5YVUyDSW4d1iMvHELWeRs=
-5,9,4FNA7PepPZmU2tWrvUWwAg6fM8Y=,A+sQHE5YVUyDSW4d1iMvHELWeRs=
-8,11,4FNA7PepPZmU2tWrvUWwAg6fM8Y=,A+sQHE5YVUyDSW4d1iMvHELWeRs=
-1,10,4FNA7PepPZmU2tWrvUWwAg6fM8Y=,A+sQHE5YVUyDSW4d1iMvHELWeRs=
-2,10,4FNA7PepPZmU2tWrvUWwAg6fM8Y=,A+sQHE5YVUyDSW4d1iMvHELWeRs=
-3,10,4FNA7PepPZmU2tWrvUWwAg6fM8Y=,A+sQHE5YVUyDSW4d1iMvHELWeRs=
-4,10,4FNA7PepPZmU2tWrvUWwAg6fM8Y=,A+sQHE5YVUyDSW4d1iMvHELWeRs=
-5,10,4FNA7PepPZmU2tWrvUWwAg6fM8Y=,A+sQHE5YVUyDSW4d1iMvHELWeRs=
-6,10,4FNA7PepPZmU2tWrvUWwAg6fM8Y=,A+sQHE5YVUyDSW4d1iMvHELWeRs=
-1,13,4FNA7PepPZmU2tWrvUWwAg6fM8Y=,A+sQHE5YVUyDSW4d1iMvHELWeRs=
-2,13,4FNA7PepPZmU2tWrvUWwAg6fM8Y=,A+sQHE5YVUyDSW4d1iMvHELWeRs=
-5,12,4FNA7PepPZmU2tWrvUWwAg6fM8Y=,A+sQHE5YVUyDSW4d1iMvHELWeRs=
-9,11,4FNA7PepPZmU2tWrvUWwAg6fM8Y=,he9WenDEDRufb/SSFHrpno2ZsJE=
-8,13,4FNA7PepPZmU2tWrvUWwAg6fM8Y=,A+sQHE5YVUyDSW4d1iMvHELWeRs=
-12,5,0chvsRSptU2q5JcKUpWiwm+vVXg=,W4UJvdC1dpjR3rNEufxmUZemdhk=
-13,5,0chvsRSptU2q5JcKUpWiwm+vVXg=,W4UJvdC1dpjR3rNEufxmUZemdhk=
-14,5,0chvsRSptU2q5JcKUpWiwm+vVXg=,W4UJvdC1dpjR3rNEufxmUZemdhk=
-15,5,0chvsRSptU2q5JcKUpWiwm+vVXg=,W4UJvdC1dpjR3rNEufxmUZemdhk=
-16,5,0chvsRSptU2q5JcKUpWiwm+vVXg=,W4UJvdC1dpjR3rNEufxmUZemdhk=
-10,4,0chvsRSptU2q5JcKUpWiwm+vVXg=,W4UJvdC1dpjR3rNEufxmUZemdhk=
-11,4,0chvsRSptU2q5JcKUpWiwm+vVXg=,W4UJvdC1dpjR3rNEufxmUZemdhk=
-11,5,0chvsRSptU2q5JcKUpWiwm+vVXg=,W4UJvdC1dpjR3rNEufxmUZemdhk=
-10,5,0chvsRSptU2q5JcKUpWiwm+vVXg=,W4UJvdC1dpjR3rNEufxmUZemdhk=
-12,4,0chvsRSptU2q5JcKUpWiwm+vVXg=,W4UJvdC1dpjR3rNEufxmUZemdhk=
-13,4,0chvsRSptU2q5JcKUpWiwm+vVXg=,W4UJvdC1dpjR3rNEufxmUZemdhk=
-14,4,0chvsRSptU2q5JcKUpWiwm+vVXg=,W4UJvdC1dpjR3rNEufxmUZemdhk=
-15,4,0chvsRSptU2q5JcKUpWiwm+vVXg=,W4UJvdC1dpjR3rNEufxmUZemdhk=
-16,4,0chvsRSptU2q5JcKUpWiwm+vVXg=,W4UJvdC1dpjR3rNEufxmUZemdhk=
-10,3,0chvsRSptU2q5JcKUpWiwm+vVXg=,W4UJvdC1dpjR3rNEufxmUZemdhk=
-11,3,0chvsRSptU2q5JcKUpWiwm+vVXg=,W4UJvdC1dpjR3rNEufxmUZemdhk=
-12,3,0chvsRSptU2q5JcKUpWiwm+vVXg=,W4UJvdC1dpjR3rNEufxmUZemdhk=
-13,3,0chvsRSptU2q5JcKUpWiwm+vVXg=,W4UJvdC1dpjR3rNEufxmUZemdhk=
-14,3,0chvsRSptU2q5JcKUpWiwm+vVXg=,W4UJvdC1dpjR3rNEufxmUZemdhk=
-15,3,0chvsRSptU2q5JcKUpWiwm+vVXg=,W4UJvdC1dpjR3rNEufxmUZemdhk=
-16,3,0chvsRSptU2q5JcKUpWiwm+vVXg=,W4UJvdC1dpjR3rNEufxmUZemdhk=
-10,2,0chvsRSptU2q5JcKUpWiwm+vVXg=,W4UJvdC1dpjR3rNEufxmUZemdhk=
-11,2,0chvsRSptU2q5JcKUpWiwm+vVXg=,W4UJvdC1dpjR3rNEufxmUZemdhk=
-12,2,0chvsRSptU2q5JcKUpWiwm+vVXg=,W4UJvdC1dpjR3rNEufxmUZemdhk=
-13,2,0chvsRSptU2q5JcKUpWiwm+vVXg=,W4UJvdC1dpjR3rNEufxmUZemdhk=
-14,2,0chvsRSptU2q5JcKUpWiwm+vVXg=,W4UJvdC1dpjR3rNEufxmUZemdhk=
-15,2,0chvsRSptU2q5JcKUpWiwm+vVXg=,W4UJvdC1dpjR3rNEufxmUZemdhk=
-16,2,0chvsRSptU2q5JcKUpWiwm+vVXg=,W4UJvdC1dpjR3rNEufxmUZemdhk=
-11,1,0chvsRSptU2q5JcKUpWiwm+vVXg=,W4UJvdC1dpjR3rNEufxmUZemdhk=
-10,1,0chvsRSptU2q5JcKUpWiwm+vVXg=,W4UJvdC1dpjR3rNEufxmUZemdhk=
-13,1,0chvsRSptU2q5JcKUpWiwm+vVXg=,W4UJvdC1dpjR3rNEufxmUZemdhk=
-12,1,0chvsRSptU2q5JcKUpWiwm+vVXg=,W4UJvdC1dpjR3rNEufxmUZemdhk=
-14,1,0chvsRSptU2q5JcKUpWiwm+vVXg=,W4UJvdC1dpjR3rNEufxmUZemdhk=
-15,1,0chvsRSptU2q5JcKUpWiwm+vVXg=,W4UJvdC1dpjR3rNEufxmUZemdhk=
-16,1,0chvsRSptU2q5JcKUpWiwm+vVXg=,W4UJvdC1dpjR3rNEufxmUZemdhk=
-10,0,0chvsRSptU2q5JcKUpWiwm+vVXg=,W4UJvdC1dpjR3rNEufxmUZemdhk=
-10,8,0chvsRSptU2q5JcKUpWiwm+vVXg=,he9WenDEDRufb/SSFHrpno2ZsJE=
-11,8,0chvsRSptU2q5JcKUpWiwm+vVXg=,he9WenDEDRufb/SSFHrpno2ZsJE=
-11,0,0chvsRSptU2q5JcKUpWiwm+vVXg=,W4UJvdC1dpjR3rNEufxmUZemdhk=
-12,0,0chvsRSptU2q5JcKUpWiwm+vVXg=,W4UJvdC1dpjR3rNEufxmUZemdhk=
-13,0,0chvsRSptU2q5JcKUpWiwm+vVXg=,W4UJvdC1dpjR3rNEufxmUZemdhk=
-14,0,0chvsRSptU2q5JcKUpWiwm+vVXg=,W4UJvdC1dpjR3rNEufxmUZemdhk=
-12,8,0chvsRSptU2q5JcKUpWiwm+vVXg=,he9WenDEDRufb/SSFHrpno2ZsJE=
-15,0,0chvsRSptU2q5JcKUpWiwm+vVXg=,W4UJvdC1dpjR3rNEufxmUZemdhk=
-13,8,0chvsRSptU2q5JcKUpWiwm+vVXg=,he9WenDEDRufb/SSFHrpno2ZsJE=
-14,8,0chvsRSptU2q5JcKUpWiwm+vVXg=,he9WenDEDRufb/SSFHrpno2ZsJE=
-16,0,0chvsRSptU2q5JcKUpWiwm+vVXg=,W4UJvdC1dpjR3rNEufxmUZemdhk=
-15,8,0chvsRSptU2q5JcKUpWiwm+vVXg=,he9WenDEDRufb/SSFHrpno2ZsJE=
-16,8,0chvsRSptU2q5JcKUpWiwm+vVXg=,he9WenDEDRufb/SSFHrpno2ZsJE=
-10,7,0chvsRSptU2q5JcKUpWiwm+vVXg=,W4UJvdC1dpjR3rNEufxmUZemdhk=
-11,7,0chvsRSptU2q5JcKUpWiwm+vVXg=,W4UJvdC1dpjR3rNEufxmUZemdhk=
-12,7,0chvsRSptU2q5JcKUpWiwm+vVXg=,W4UJvdC1dpjR3rNEufxmUZemdhk=
-13,7,0chvsRSptU2q5JcKUpWiwm+vVXg=,W4UJvdC1dpjR3rNEufxmUZemdhk=
-14,7,0chvsRSptU2q5JcKUpWiwm+vVXg=,W4UJvdC1dpjR3rNEufxmUZemdhk=
-15,7,0chvsRSptU2q5JcKUpWiwm+vVXg=,W4UJvdC1dpjR3rNEufxmUZemdhk=
-16,7,0chvsRSptU2q5JcKUpWiwm+vVXg=,W4UJvdC1dpjR3rNEufxmUZemdhk=
-10,6,0chvsRSptU2q5JcKUpWiwm+vVXg=,W4UJvdC1dpjR3rNEufxmUZemdhk=
-11,6,0chvsRSptU2q5JcKUpWiwm+vVXg=,W4UJvdC1dpjR3rNEufxmUZemdhk=
-12,6,0chvsRSptU2q5JcKUpWiwm+vVXg=,W4UJvdC1dpjR3rNEufxmUZemdhk=
-13,6,0chvsRSptU2q5JcKUpWiwm+vVXg=,W4UJvdC1dpjR3rNEufxmUZemdhk=
-15,6,0chvsRSptU2q5JcKUpWiwm+vVXg=,W4UJvdC1dpjR3rNEufxmUZemdhk=
-9,5,0chvsRSptU2q5JcKUpWiwm+vVXg=,W4UJvdC1dpjR3rNEufxmUZemdhk=
-16,6,0chvsRSptU2q5JcKUpWiwm+vVXg=,W4UJvdC1dpjR3rNEufxmUZemdhk=
-14,6,0chvsRSptU2q5JcKUpWiwm+vVXg=,W4UJvdC1dpjR3rNEufxmUZemdhk=
-5,7,0chvsRSptU2q5JcKUpWiwm+vVXg=,f0evMDHBEn9AfguiQ/yMpddZa2c=
-4,7,0chvsRSptU2q5JcKUpWiwm+vVXg=,f0evMDHBEn9AfguiQ/yMpddZa2c=
-7,7,0chvsRSptU2q5JcKUpWiwm+vVXg=,f0evMDHBEn9AfguiQ/yMpddZa2c=
-6,7,0chvsRSptU2q5JcKUpWiwm+vVXg=,f0evMDHBEn9AfguiQ/yMpddZa2c=
-3,7,0chvsRSptU2q5JcKUpWiwm+vVXg=,f0evMDHBEn9AfguiQ/yMpddZa2c=
-9,4,0chvsRSptU2q5JcKUpWiwm+vVXg=,W4UJvdC1dpjR3rNEufxmUZemdhk=
-8,7,0chvsRSptU2q5JcKUpWiwm+vVXg=,f0evMDHBEn9AfguiQ/yMpddZa2c=
-8,0,0chvsRSptU2q5JcKUpWiwm+vVXg=,f0evMDHBEn9AfguiQ/yMpddZa2c=
-2,6,0chvsRSptU2q5JcKUpWiwm+vVXg=,f0evMDHBEn9AfguiQ/yMpddZa2c=
-7,0,0chvsRSptU2q5JcKUpWiwm+vVXg=,f0evMDHBEn9AfguiQ/yMpddZa2c=
-1,6,0chvsRSptU2q5JcKUpWiwm+vVXg=,f0evMDHBEn9AfguiQ/yMpddZa2c=
-3,6,0chvsRSptU2q5JcKUpWiwm+vVXg=,f0evMDHBEn9AfguiQ/yMpddZa2c=
-4,6,0chvsRSptU2q5JcKUpWiwm+vVXg=,f0evMDHBEn9AfguiQ/yMpddZa2c=
-2,7,0chvsRSptU2q5JcKUpWiwm+vVXg=,f0evMDHBEn9AfguiQ/yMpddZa2c=
-5,6,0chvsRSptU2q5JcKUpWiwm+vVXg=,f0evMDHBEn9AfguiQ/yMpddZa2c=
-6,6,0chvsRSptU2q5JcKUpWiwm+vVXg=,f0evMDHBEn9AfguiQ/yMpddZa2c=
-9,6,0chvsRSptU2q5JcKUpWiwm+vVXg=,W4UJvdC1dpjR3rNEufxmUZemdhk=
-8,6,0chvsRSptU2q5JcKUpWiwm+vVXg=,f0evMDHBEn9AfguiQ/yMpddZa2c=
-7,6,0chvsRSptU2q5JcKUpWiwm+vVXg=,f0evMDHBEn9AfguiQ/yMpddZa2c=
-6,0,0chvsRSptU2q5JcKUpWiwm+vVXg=,f0evMDHBEn9AfguiQ/yMpddZa2c=
-1,5,0chvsRSptU2q5JcKUpWiwm+vVXg=,f0evMDHBEn9AfguiQ/yMpddZa2c=
-2,5,0chvsRSptU2q5JcKUpWiwm+vVXg=,f0evMDHBEn9AfguiQ/yMpddZa2c=
-5,0,0chvsRSptU2q5JcKUpWiwm+vVXg=,f0evMDHBEn9AfguiQ/yMpddZa2c=
-3,5,0chvsRSptU2q5JcKUpWiwm+vVXg=,f0evMDHBEn9AfguiQ/yMpddZa2c=
-9,7,0chvsRSptU2q5JcKUpWiwm+vVXg=,W4UJvdC1dpjR3rNEufxmUZemdhk=
-4,5,0chvsRSptU2q5JcKUpWiwm+vVXg=,f0evMDHBEn9AfguiQ/yMpddZa2c=
-5,5,0chvsRSptU2q5JcKUpWiwm+vVXg=,f0evMDHBEn9AfguiQ/yMpddZa2c=
-1,7,0chvsRSptU2q5JcKUpWiwm+vVXg=,f0evMDHBEn9AfguiQ/yMpddZa2c=
-6,5,0chvsRSptU2q5JcKUpWiwm+vVXg=,f0evMDHBEn9AfguiQ/yMpddZa2c=
-7,5,0chvsRSptU2q5JcKUpWiwm+vVXg=,f0evMDHBEn9AfguiQ/yMpddZa2c=
-4,0,0chvsRSptU2q5JcKUpWiwm+vVXg=,f0evMDHBEn9AfguiQ/yMpddZa2c=
-7,8,0chvsRSptU2q5JcKUpWiwm+vVXg=,A+sQHE5YVUyDSW4d1iMvHELWeRs=
-8,5,0chvsRSptU2q5JcKUpWiwm+vVXg=,f0evMDHBEn9AfguiQ/yMpddZa2c=
-6,8,0chvsRSptU2q5JcKUpWiwm+vVXg=,A+sQHE5YVUyDSW4d1iMvHELWeRs=
-1,4,0chvsRSptU2q5JcKUpWiwm+vVXg=,f0evMDHBEn9AfguiQ/yMpddZa2c=
-2,4,0chvsRSptU2q5JcKUpWiwm+vVXg=,f0evMDHBEn9AfguiQ/yMpddZa2c=
-3,0,0chvsRSptU2q5JcKUpWiwm+vVXg=,f0evMDHBEn9AfguiQ/yMpddZa2c=
-4,4,0chvsRSptU2q5JcKUpWiwm+vVXg=,f0evMDHBEn9AfguiQ/yMpddZa2c=
-3,4,0chvsRSptU2q5JcKUpWiwm+vVXg=,f0evMDHBEn9AfguiQ/yMpddZa2c=
-5,4,0chvsRSptU2q5JcKUpWiwm+vVXg=,f0evMDHBEn9AfguiQ/yMpddZa2c=
-6,4,0chvsRSptU2q5JcKUpWiwm+vVXg=,f0evMDHBEn9AfguiQ/yMpddZa2c=
-2,0,0chvsRSptU2q5JcKUpWiwm+vVXg=,f0evMDHBEn9AfguiQ/yMpddZa2c=
-7,4,0chvsRSptU2q5JcKUpWiwm+vVXg=,f0evMDHBEn9AfguiQ/yMpddZa2c=
-8,4,0chvsRSptU2q5JcKUpWiwm+vVXg=,f0evMDHBEn9AfguiQ/yMpddZa2c=
-1,0,0chvsRSptU2q5JcKUpWiwm+vVXg=,f0evMDHBEn9AfguiQ/yMpddZa2c=
-1,3,0chvsRSptU2q5JcKUpWiwm+vVXg=,f0evMDHBEn9AfguiQ/yMpddZa2c=
-9,3,0chvsRSptU2q5JcKUpWiwm+vVXg=,W4UJvdC1dpjR3rNEufxmUZemdhk=
-8,1,0chvsRSptU2q5JcKUpWiwm+vVXg=,f0evMDHBEn9AfguiQ/yMpddZa2c=
-2,3,0chvsRSptU2q5JcKUpWiwm+vVXg=,f0evMDHBEn9AfguiQ/yMpddZa2c=
-3,3,0chvsRSptU2q5JcKUpWiwm+vVXg=,f0evMDHBEn9AfguiQ/yMpddZa2c=
-7,1,0chvsRSptU2q5JcKUpWiwm+vVXg=,f0evMDHBEn9AfguiQ/yMpddZa2c=
-1,8,0chvsRSptU2q5JcKUpWiwm+vVXg=,A+sQHE5YVUyDSW4d1iMvHELWeRs=
-4,3,0chvsRSptU2q5JcKUpWiwm+vVXg=,f0evMDHBEn9AfguiQ/yMpddZa2c=
-6,1,0chvsRSptU2q5JcKUpWiwm+vVXg=,f0evMDHBEn9AfguiQ/yMpddZa2c=
-5,3,0chvsRSptU2q5JcKUpWiwm+vVXg=,f0evMDHBEn9AfguiQ/yMpddZa2c=
-8,8,0chvsRSptU2q5JcKUpWiwm+vVXg=,A+sQHE5YVUyDSW4d1iMvHELWeRs=
-2,8,0chvsRSptU2q5JcKUpWiwm+vVXg=,A+sQHE5YVUyDSW4d1iMvHELWeRs=
-6,3,0chvsRSptU2q5JcKUpWiwm+vVXg=,f0evMDHBEn9AfguiQ/yMpddZa2c=
-5,1,0chvsRSptU2q5JcKUpWiwm+vVXg=,f0evMDHBEn9AfguiQ/yMpddZa2c=
-7,3,0chvsRSptU2q5JcKUpWiwm+vVXg=,f0evMDHBEn9AfguiQ/yMpddZa2c=
-8,3,0chvsRSptU2q5JcKUpWiwm+vVXg=,f0evMDHBEn9AfguiQ/yMpddZa2c=
-4,1,0chvsRSptU2q5JcKUpWiwm+vVXg=,f0evMDHBEn9AfguiQ/yMpddZa2c=
-1,2,0chvsRSptU2q5JcKUpWiwm+vVXg=,f0evMDHBEn9AfguiQ/yMpddZa2c=
-2,2,0chvsRSptU2q5JcKUpWiwm+vVXg=,f0evMDHBEn9AfguiQ/yMpddZa2c=
-9,0,0chvsRSptU2q5JcKUpWiwm+vVXg=,W4UJvdC1dpjR3rNEufxmUZemdhk=
-3,2,0chvsRSptU2q5JcKUpWiwm+vVXg=,f0evMDHBEn9AfguiQ/yMpddZa2c=
-3,8,0chvsRSptU2q5JcKUpWiwm+vVXg=,A+sQHE5YVUyDSW4d1iMvHELWeRs=
-5,8,0chvsRSptU2q5JcKUpWiwm+vVXg=,A+sQHE5YVUyDSW4d1iMvHELWeRs=
-4,2,0chvsRSptU2q5JcKUpWiwm+vVXg=,f0evMDHBEn9AfguiQ/yMpddZa2c=
-9,2,0chvsRSptU2q5JcKUpWiwm+vVXg=,W4UJvdC1dpjR3rNEufxmUZemdhk=
-3,1,0chvsRSptU2q5JcKUpWiwm+vVXg=,f0evMDHBEn9AfguiQ/yMpddZa2c=
-4,8,0chvsRSptU2q5JcKUpWiwm+vVXg=,A+sQHE5YVUyDSW4d1iMvHELWeRs=
-5,2,0chvsRSptU2q5JcKUpWiwm+vVXg=,f0evMDHBEn9AfguiQ/yMpddZa2c=
-6,2,0chvsRSptU2q5JcKUpWiwm+vVXg=,f0evMDHBEn9AfguiQ/yMpddZa2c=
-2,1,0chvsRSptU2q5JcKUpWiwm+vVXg=,f0evMDHBEn9AfguiQ/yMpddZa2c=
-7,2,0chvsRSptU2q5JcKUpWiwm+vVXg=,f0evMDHBEn9AfguiQ/yMpddZa2c=
-9,8,0chvsRSptU2q5JcKUpWiwm+vVXg=,he9WenDEDRufb/SSFHrpno2ZsJE=
-9,1,0chvsRSptU2q5JcKUpWiwm+vVXg=,W4UJvdC1dpjR3rNEufxmUZemdhk=
-1,1,0chvsRSptU2q5JcKUpWiwm+vVXg=,f0evMDHBEn9AfguiQ/yMpddZa2c=
-8,2,0chvsRSptU2q5JcKUpWiwm+vVXg=,f0evMDHBEn9AfguiQ/yMpddZa2c=
